code,name,market,industry,listed
0220W0,한화머시너리앤서비스홀딩스,KOSPI,기타 금융업,2026-08-25
279570,케이뱅크,KOSPI,은행 및 저축기관,2026-03-05
217590,티엠씨,KOSPI,절연선 및 케이블 제조업,2025-12-15
0126Z0,삼성에피스홀딩스,KOSPI,기타 금융업,2025-11-24
0120G0,삼양바이오팜,KOSPI,의약품 제조업,2025-11-24
317450,명인제약,KOSPI,의약품 제조업,2025-10-01
439260,대한조선,KOSPI,선박 및 보트 건조업,2025-08-01
0030R0,대신밸류리츠,KOSPI,신탁업 및 집합투자업,2025-07-10
483650,달바글로벌,KOSPI,기타 화학제품 제조업,2025-05-22
480370,씨케이솔루션,KOSPI,일반 목적용 기계 제조업,2025-03-17
031210,서울보증보험,KOSPI,보험업,2025-03-14
064400,LG씨엔에스,KOSPI,컴퓨터 프로그래밍  시스템 통합 및 관리업,2025-02-05
499790,GS피앤엘,KOSPI,기타 금융업,2024-12-23
484870,엠앤씨솔루션,KOSPI,특수 목적용 기계 제조업,2024-12-16
415640,KB발해인프라,KOSPI,신탁업 및 집합투자업,2024-11-29
475560,더본코리아,KOSPI,상품 종합 도매업,2024-11-06
489790,한화비전,KOSPI,통신 및 방송 장비 제조업,2024-09-27
079900,전진건설로봇,KOSPI,특수 목적용 기계 제조업,2024-08-19
487570,HS효성,KOSPI,기타 금융업,2024-07-29
062040,산일전기,KOSPI,전동기  발전기 및 전기 변환 · 공급 · 제어 장치 제조업,2024-07-29
462870,시프트업,KOSPI,소프트웨어 개발 및 공급업,2024-07-11
481850,신한글로벌액티브리츠,KOSPI,신탁업 및 집합투자업,2024-07-01
034230,파라다이스,KOSPI,유원지 및 기타 오락관련 서비스업,2024-06-24
443060,HD현대마린솔루션,KOSPI,건축기술  엔지니어링 및 관련 기술 서비스업,2024-05-08
475150,SK이터닉스,KOSPI,건물 건설업,2024-03-29
278470,에이피알,KOSPI,기타 화학제품 제조업,2024-02-27
066970,엘앤에프,KOSPI,일차전지 및 이차전지 제조업,2024-01-29
022100,포스코DX,KOSPI,건축기술  엔지니어링 및 관련 기술 서비스업,2024-01-02
017860,DS단석,KOSPI,기타 화학제품 제조업,2023-12-22
111380,동인기연,KOSPI,가죽  가방 및 유사제품 제조업,2023-11-21
450080,에코프로머티,KOSPI,일차전지 및 이차전지 제조업,2023-11-17
454910,두산로보틱스,KOSPI,특수 목적용 기계 제조업,2023-10-05
465770,STX그린로지스,KOSPI,해상 운송업,2023-09-15
092790,넥스틸,KOSPI,1차 철강 제조업,2023-08-21
030190,NICE평가정보,KOSPI,기타 정보 서비스업,2023-08-08
462520,조선내화,KOSPI,내화  비내화 요업제품 제조업,2023-07-28
090460,비에이치,KOSPI,전자부품 제조업,2023-06-20
460850,동국씨엠,KOSPI,1차 철강 제조업,2023-06-16
460860,동국제강,KOSPI,1차 철강 제조업,2023-06-16
457190,이수스페셜티케미컬,KOSPI,기초 화학물질 제조업,2023-05-31
456040,OCI,KOSPI,기초 화학물질 제조업,2023-05-30
100090,SK오션플랜트,KOSPI,1차 철강 제조업,2023-04-19
448730,삼성FN리츠,KOSPI,부동산 임대 및 공급업,2023-04-10
453340,현대그린푸드,KOSPI,종합 소매업,2023-04-10
452260,한화갤러리아,KOSPI,종합 소매업,2023-03-31
451800,한화리츠,KOSPI,부동산 임대 및 공급업,2023-03-27
377740,바이오노트,KOSPI,의료용품 및 기타 의약 관련제품 제조업,2022-12-22
446070,유니드비티플러스,KOSPI,제재 및 목재 가공업,2022-11-28
108320,LX세미콘,KOSPI,반도체 제조업,2022-11-03
432320,KB스타리츠,KOSPI,부동산 임대 및 공급업,2022-10-06
403550,쏘카,KOSPI,운송장비 임대업,2022-08-22
126720,수산인더스트리,KOSPI,전기 및 통신 공사업,2022-08-01
357430,마스턴프리미어리츠,KOSPI,부동산 임대 및 공급업,2022-05-31
417310,코람코더원리츠,KOSPI,부동산 임대 및 공급업,2022-03-28
373220,LG에너지솔루션,KOSPI,일차전지 및 이차전지 제조업,2022-01-27
404990,신한서부티엔디리츠,KOSPI,부동산 임대 및 공급업,2021-12-10
396690,미래에셋글로벌리츠,KOSPI,부동산 임대 및 공급업,2021-12-03
402340,SK스퀘어,KOSPI,기타 금융업,2021-11-29
400760,NH올원리츠,KOSPI,부동산 임대 및 공급업,2021-11-18
377300,카카오페이,KOSPI,금융 지원 서비스업,2021-11-03
381970,KG모빌리티플랫폼,KOSPI,자동차 판매업,2021-10-13
329180,HD현대중공업,KOSPI,선박 및 보트 건조업,2021-09-17
395400,SK리츠,KOSPI,부동산 임대 및 공급업,2021-09-14
271940,일진하이솔루스,KOSPI,그외 기타 운송장비 제조업,2021-09-01
377190,디앤디플랫폼리츠,KOSPI,부동산 임대 및 공급업,2021-08-27
139990,아주스틸,KOSPI,1차 철강 제조업,2021-08-20
089860,롯데렌탈,KOSPI,운송장비 임대업,2021-08-19
372910,한컴라이프케어,KOSPI,의료용 기기 제조업,2021-08-17
259960,크래프톤,KOSPI,소프트웨어 개발 및 공급업,2021-08-10
178920,PI첨단소재,KOSPI,플라스틱제품 제조업,2021-08-09
323410,카카오뱅크,KOSPI,은행 및 저축기관,2021-08-06
137310,에스디바이오센서,KOSPI,의료용 기기 제조업,2021-07-16
097520,엠씨넥스,KOSPI,영상 및 음향기기 제조업,2021-07-06
383800,LX홀딩스,KOSPI,기타 금융업,2021-05-27
383220,F&F,KOSPI,봉제의복 제조업,2021-05-21
361610,SK아이이테크놀로지,KOSPI,일차전지 및 이차전지 제조업,2021-05-11
302440,SK바이오사이언스,KOSPI,기초 의약물질 제조업,2021-03-18
378850,화승알앤에이,KOSPI,자동차 신품 부품 제조업,2021-03-15
950210,프레스티지바이오파마,KOSPI,자연과학 및 공학 연구개발업,2021-02-05
248070,솔루엠,KOSPI,전자부품 제조업,2021-02-02
375500,DL이앤씨,KOSPI,토목 건설업,2021-01-25
365550,ESR켄달스퀘어리츠,KOSPI,부동산 임대 및 공급업,2020-12-23
009900,명신산업,KOSPI,자동차 신품 부품 제조업,2020-12-07
244920,에이플러스에셋,KOSPI,보험 및 연금관련 서비스업,2020-11-20
339770,교촌에프앤비,KOSPI,음·식료품 및 담배 도매업,2020-11-12
352820,하이브,KOSPI,오디오물 출판 및 원판 녹음업,2020-10-15
363280,티와이홀딩스,KOSPI,기타 금융업,2020-09-22
357120,코람코라이프인프라리츠,KOSPI,부동산 임대 및 공급업,2020-08-31
348950,제이알글로벌리츠,KOSPI,부동산 임대 및 공급업,2020-08-07
357250,미래에셋맵스리츠,KOSPI,부동산 임대 및 공급업,2020-08-05
350520,이지스레지던스리츠,KOSPI,부동산 임대 및 공급업,2020-08-05
334890,이지스밸류플러스리츠,KOSPI,부동산 임대 및 공급업,2020-07-16
326030,에스케이바이오팜,KOSPI,자연과학 및 공학 연구개발업,2020-07-02
353200,대덕전자,KOSPI,전자부품 제조업,2020-05-21
344820,케이씨씨글라스,KOSPI,유리 및 유리제품 제조업,2020-01-21
338100,NH프라임리츠,KOSPI,부동산 임대 및 공급업,2019-12-05
308170,씨티알모빌리티,KOSPI,자동차 신품 부품 제조업,2019-11-25
322000,HD현대에너지솔루션,KOSPI,반도체 제조업,2019-11-19
272210,한화시스템,KOSPI,전자부품 제조업,2019-11-13
317400,자이에스앤디,KOSPI,부동산 임대 및 공급업,2019-11-06
330590,롯데리츠,KOSPI,부동산 임대 및 공급업,2019-10-30
013890,지누스,KOSPI,가구 제조업,2019-10-30
336260,두산퓨얼셀,KOSPI,전동기  발전기 및 전기 변환 · 공급 · 제어 장치 제조업,2019-10-18
336370,솔루스첨단소재,KOSPI,전자부품 제조업,2019-10-18
036420,콘텐트리중앙,KOSPI,영화  비디오물  방송프로그램 제작 및 배급업,2019-10-18
003670,포스코퓨처엠,KOSPI,일차전지 및 이차전지 제조업,2019-05-29
307950,현대오토에버,KOSPI,소프트웨어 개발 및 공급업,2019-03-28
192650,드림텍,KOSPI,전자부품 제조업,2019-03-14
192080,더블유게임즈,KOSPI,소프트웨어 개발 및 공급업,2019-03-12
316140,우리금융지주,KOSPI,기타 금융업,2019-02-13
298690,에어부산,KOSPI,항공 여객 운송업,2018-12-27
267850,아시아나IDT,KOSPI,컴퓨터 프로그래밍  시스템 통합 및 관리업,2018-11-23
306200,세아제강,KOSPI,1차 철강 제조업,2018-10-05
293480,하나제약,KOSPI,의약품 제조업,2018-10-02
010400,우진아이엔에스,KOSPI,건물설비 설치 공사업,2018-09-14
293940,신한알파리츠,KOSPI,부동산 임대 및 공급업,2018-08-08
300720,한일시멘트,KOSPI,시멘트  석회  플라스터 및 그 제품 제조업,2018-08-06
091810,트리니티항공,KOSPI,항공 여객 운송업,2018-08-01
286940,롯데이노베이트,KOSPI,컴퓨터 프로그래밍  시스템 통합 및 관리업,2018-07-27
298050,HS효성첨단소재,KOSPI,화학섬유 제조업,2018-07-13
298040,효성중공업,KOSPI,전동기  발전기 및 전기 변환 · 공급 · 제어 장치 제조업,2018-07-13
298020,효성티앤씨,KOSPI,화학섬유 제조업,2018-07-13
298000,효성화학,KOSPI,기초 화학물질 제조업,2018-07-13
088260,이리츠코크렙,KOSPI,부동산 임대 및 공급업,2018-06-27
294870,IPARK현대산업개발,KOSPI,건물 건설업,2018-06-12
018250,애경산업,KOSPI,기타 화학제품 제조업,2018-03-22
068270,셀트리온,KOSPI,기초 의약물질 제조업,2018-02-09
284740,쿠쿠홈시스,KOSPI,개인 및 가정용품 임대업,2018-01-11
285130,SK케미칼,KOSPI,합성고무 및 플라스틱 물질 제조업,2018-01-05
282330,BGF리테일,KOSPI,종합 소매업,2017-12-08
092780,DYP,KOSPI,자동차용 엔진 및 자동차 제조업,2017-12-08
272450,진에어,KOSPI,항공 여객 운송업,2017-12-08
281820,케이씨텍,KOSPI,측정  시험  항해  제어 및 기타 정밀기기 제조업; 광학기기 제외,2017-12-05
272550,삼양패키징,KOSPI,플라스틱제품 제조업,2017-11-29
055490,테이팩스,KOSPI,플라스틱제품 제조업,2017-10-31
280360,롯데웰푸드,KOSPI,기타 식품 제조업,2017-10-30
271980,제일약품,KOSPI,의약품 제조업,2017-07-17
035720,카카오,KOSPI,자료처리  호스팅  포털 및 기타 인터넷 정보매개 서비스업,2017-07-10
271560,오리온,KOSPI,기타 식품 제조업,2017-07-07
268280,미원에스씨,KOSPI,기초 화학물질 제조업,2017-05-22
267290,경동도시가스,KOSPI,연료용 가스 제조 및 배관공급업,2017-05-12
251270,넷마블,KOSPI,소프트웨어 개발 및 공급업,2017-05-12
267270,HD건설기계,KOSPI,특수 목적용 기계 제조업,2017-05-10
267250,HD현대,KOSPI,기타 금융업,2017-05-10
267260,HD현대일렉트릭,KOSPI,전동기  발전기 및 전기 변환 · 공급 · 제어 장치 제조업,2017-05-10
264900,크라운제과,KOSPI,떡  빵 및 과자류 제조업,2017-04-11
145720,덴티움,KOSPI,의료용 기기 제조업,2017-03-15
111110,호전실업,KOSPI,봉제의복 제조업,2017-02-02
143210,핸즈코퍼레이션,KOSPI,자동차 신품 부품 제조업,2016-12-02
241560,두산밥캣,KOSPI,특수 목적용 기계 제조업,2016-11-18
207940,삼성바이오로직스,KOSPI,기초 의약물질 제조업,2016-11-10
234080,JW생명과학,KOSPI,의약품 제조업,2016-10-27
241590,화승엔터프라이즈,KOSPI,신발 및 신발 부분품 제조업,2016-10-04
229640,LS에코에너지,KOSPI,기타 금융업,2016-09-22
249420,일동제약,KOSPI,의약품 제조업,2016-08-31
248170,샘표식품,KOSPI,기타 식품 제조업,2016-08-09
016740,두올,KOSPI,자동차 신품 부품 제조업,2016-07-29
026960,동서,KOSPI,음·식료품 및 담배 도매업,2016-07-15
123890,한국자산신탁,KOSPI,신탁업 및 집합투자업,2016-07-13
034830,한국토지신탁,KOSPI,신탁업 및 집합투자업,2016-07-11
195870,해성디에스,KOSPI,전자부품 제조업,2016-06-24
070960,모나용평,KOSPI,일반 및 생활 숙박시설 운영업,2016-05-27
101530,해태제과식품,KOSPI,기타 식품 제조업,2016-05-11
004440,삼일씨엔에스,KOSPI,시멘트  석회  플라스터 및 그 제품 제조업,2016-03-30
194370,제이에스코퍼레이션,KOSPI,가죽  가방 및 유사제품 제조업,2016-02-04
226320,잇츠한불,KOSPI,기타 화학제품 제조업,2015-12-28
075580,세진중공업,KOSPI,선박 및 보트 건조업,2015-11-30
214330,금호에이치티,KOSPI,자동차 신품 부품 제조업,2015-11-11
089590,제주항공,KOSPI,항공 여객 운송업,2015-11-06
227840,현대코퍼레이션홀딩스,KOSPI,음·식료품 및 담배 도매업,2015-10-23
079550,LIG디펜스앤에어로스페이스,KOSPI,무기 및 총포탄 제조업,2015-10-02
039570,HDC랩스,KOSPI,전기 및 통신 공사업,2015-09-24
002690,동일제강,KOSPI,1차 철강 제조업,2015-09-24
095570,AJ네트웍스,KOSPI,산업용 기계 및 장비 임대업,2015-08-21
214320,이노션,KOSPI,광고업,2015-07-17
214420,토니모리,KOSPI,기타 화학제품 제조업,2015-07-10
085620,미래에셋생명,KOSPI,보험업,2015-07-08
214390,경보제약,KOSPI,기초 의약물질 제조업,2015-06-29
210980,SK디앤디,KOSPI,부동산 임대 및 공급업,2015-06-23
145210,다이나믹디자인,KOSPI,특수 목적용 기계 제조업,2015-03-19
213500,한솔제지,KOSPI,펄프  종이 및 판지 제조업,2015-01-26
210540,디와이파워,KOSPI,특수 목적용 기계 제조업,2015-01-15
028260,삼성물산,KOSPI,기타 전문 도매업,2014-12-18
112610,씨에스윈드,KOSPI,구조용 금속제품  탱크 및 증기발생기 제조업,2014-11-27
018260,삼성에스디에스,KOSPI,컴퓨터 프로그래밍  시스템 통합 및 관리업,2014-11-14
204320,HL만도,KOSPI,자동차 신품 부품 제조업,2014-10-06
200880,서연이화,KOSPI,자동차 신품 부품 제조업,2014-08-08
192400,쿠쿠홀딩스,KOSPI,기타 금융업,2014-08-06
133820,화인베스틸,KOSPI,1차 철강 제조업,2014-07-22
027410,BGF,KOSPI,기타 금융업,2014-05-19
192820,코스맥스,KOSPI,기타 화학제품 제조업,2014-04-07
185750,종근당,KOSPI,의약품 제조업,2013-12-06
006880,신송홀딩스,KOSPI,산업용 농·축산물 및 동·식물 도매업,2013-11-21
183190,아세아시멘트,KOSPI,시멘트  석회  플라스터 및 그 제품 제조업,2013-11-06
064350,현대로템,KOSPI,그외 기타 운송장비 제조업,2013-10-30
180640,한진칼,KOSPI,기타 금융업,2013-09-16
181710,NHN,KOSPI,소프트웨어 개발 및 공급업,2013-08-29
175330,JB금융지주,KOSPI,기타 금융업,2013-07-18
155660,DSR,KOSPI,1차 비철금속 제조업,2013-05-15
170900,동아에스티,KOSPI,의약품 제조업,2013-04-08
013870,지엠비코리아,KOSPI,자동차 신품 부품 제조업,2012-11-20
037560,LG헬로비전,KOSPI,텔레비전 방송업,2012-11-09
163560,동일고무벨트,KOSPI,고무제품 제조업,2012-10-19
161890,한국콜마,KOSPI,기타 화학제품 제조업,2012-10-19
161390,한국타이어앤테크놀로지,KOSPI,고무제품 제조업,2012-10-04
161000,애경케미칼,KOSPI,기초 화학물질 제조업,2012-09-17
014710,사조씨푸드,KOSPI,수산물 가공 및 저장 처리업,2012-06-29
079980,휴비스,KOSPI,화학섬유 제조업,2012-02-23
145270,케이탑리츠,KOSPI,부동산 임대 및 공급업,2012-01-31
007070,GS리테일,KOSPI,종합 소매업,2011-12-23
129260,인터지스,KOSPI,도로 화물 운송업,2011-12-16
145990,삼양사,KOSPI,기타 식품 제조업,2011-12-05
039130,하나투어,KOSPI,여행사 및 기타 여행보조 서비스업,2011-11-01
078520,에이블씨엔씨,KOSPI,기타 화학제품 제조업,2011-09-07
023000,삼원강재,KOSPI,자동차 신품 부품 제조업,2011-07-22
031430,신세계인터내셔날,KOSPI,섬유  의복  신발 및 가죽제품 소매업,2011-07-14
047810,한국항공우주,KOSPI,항공기 우주선 및 부품 제조업,2011-06-30
071840,롯데하이마트,KOSPI,가전제품 및 정보통신장비 소매업,2011-06-29
069640,한세엠케이,KOSPI,섬유  의복  신발 및 가죽제품 소매업,2011-06-21
139480,이마트,KOSPI,종합 소매업,2011-06-10
139130,iM금융지주,KOSPI,기타 금융업,2011-06-07
053210,케이티스카이라이프,KOSPI,텔레비전 방송업,2011-06-03
138040,메리츠금융지주,KOSPI,기타 금융업,2011-05-13
023350,한국종합기술,KOSPI,건축기술  엔지니어링 및 관련 기술 서비스업,2011-04-28
138930,BNK금융지주,KOSPI,기타 금융업,2011-03-30
020150,롯데에너지머티리얼즈,KOSPI,전자부품 제조업,2011-03-04
011210,현대위아,KOSPI,자동차 신품 부품 제조업,2011-02-21
136490,선진,KOSPI,동물용 사료 및 조제식품 제조업,2011-02-16
134380,미원화학,KOSPI,기타 화학제품 제조업,2011-02-15
134790,시디즈,KOSPI,가구 제조업,2011-01-25
082740,한화엔진,KOSPI,일반 목적용 기계 제조업,2011-01-04
117580,대성에너지,KOSPI,연료용 가스 제조 및 배관공급업,2010-12-24
126560,현대퓨처넷,KOSPI,전기 통신업,2010-12-23
058860,KTis,KOSPI,기타 정보 서비스업,2010-12-17
130660,한전산업,KOSPI,건축기술  엔지니어링 및 관련 기술 서비스업,2010-12-16
900140,엘브이엠씨,KOSPI,자동차 판매업,2010-11-30
081660,미스토홀딩스,KOSPI,생활용품 도매업,2010-09-28
058850,KTcs,KOSPI,기타 정보 서비스업,2010-09-16
002150,도화엔지니어링,KOSPI,건축기술  엔지니어링 및 관련 기술 서비스업,2010-08-12
128820,대성산업,KOSPI,연료 소매업,2010-07-30
122900,아이마켓코리아,KOSPI,상품 종합 도매업,2010-07-30
128940,한미약품,KOSPI,의약품 제조업,2010-07-30
105840,우진,KOSPI,측정  시험  항해  제어 및 기타 정밀기기 제조업; 광학기기 제외,2010-07-26
033920,무학,KOSPI,알코올음료 제조업,2010-07-20
102460,이연제약,KOSPI,의약품 제조업,2010-06-10
123690,한국화장품,KOSPI,생활용품 도매업,2010-06-01
123700,에스제이엠,KOSPI,자동차 신품 부품 제조업,2010-05-31
060980,HL홀딩스,KOSPI,기타 금융업,2010-05-19
032830,삼성생명,KOSPI,보험업,2010-05-12
088350,한화생명,KOSPI,보험업,2010-03-17
120030,조선선재,KOSPI,기타 금속 가공제품 제조업,2010-02-19
120110,코오롱인더,KOSPI,화학섬유 제조업,2010-02-01
119650,KC코트렐,KOSPI,일반 목적용 기계 제조업,2010-01-29
071320,지역난방공사,KOSPI,증기  냉·온수 및 공기조절 공급업,2010-01-29
012160,영흥,KOSPI,1차 철강 제조업,2010-01-25
118000,메타케어,KOSPI,기계장비 및 관련 물품 도매업,2009-12-30
052690,한전기술,KOSPI,건축기술  엔지니어링 및 관련 기술 서비스업,2009-12-14
114090,GKL,KOSPI,유원지 및 기타 오락관련 서비스업,2009-11-19
034730,SK,KOSPI,기타 금융업,2009-11-11
032560,황금에스티,KOSPI,1차 비철금속 제조업,2009-10-29
000080,하이트진로,KOSPI,알코올음료 제조업,2009-10-19
047400,유니온머티리얼,KOSPI,내화  비내화 요업제품 제조업,2009-09-29
093240,형지엘리트,KOSPI,봉제의복 제조업,2009-09-28
039490,키움증권,KOSPI,금융 지원 서비스업,2009-08-03
111770,영원무역,KOSPI,상품 종합 도매업,2009-07-30
053690,한미글로벌,KOSPI,건축기술  엔지니어링 및 관련 기술 서비스업,2009-06-23
028100,동아지질,KOSPI,기반조성 및 시설물 축조관련 전문공사업,2009-06-12
071970,HD현대마린엔진,KOSPI,일반 목적용 기계 제조업,2009-05-15
108670,LX하우시스,KOSPI,플라스틱제품 제조업,2009-04-20
105630,한세실업,KOSPI,봉제의복 제조업,2009-03-20
109070,주성코퍼레이션,KOSPI,통신 및 방송 장비 제조업,2009-03-17
107590,미원홀딩스,KOSPI,기타 금융업,2009-03-02
035420,NAVER,KOSPI,자료처리  호스팅  포털 및 기타 인터넷 정보매개 서비스업,2008-11-28
026940,부국철강,KOSPI,1차 철강 제조업,2008-10-14
105560,KB금융,KOSPI,기타 금융업,2008-10-10
104700,한국철강,KOSPI,1차 철강 제조업,2008-09-29
103590,일진전기,KOSPI,절연선 및 케이블 제조업,2008-08-01
103140,풍산,KOSPI,1차 비철금속 제조업,2008-07-30
011070,LG이노텍,KOSPI,전자부품 제조업,2008-07-24
017180,명문제약,KOSPI,의약품 제조업,2008-07-10
100220,비상교육,KOSPI,서적  잡지 및 기타 인쇄물 출판업,2008-06-30
102260,동성케미컬,KOSPI,합성고무 및 플라스틱 물질 제조업,2008-06-23
032640,LG유플러스,KOSPI,전기 통신업,2008-04-21
101140,인바이오젠,KOSPI,기계장비 및 관련 물품 도매업,2008-04-02
020560,아시아나항공,KOSPI,항공 여객 운송업,2008-03-28
100840,SNT에너지,KOSPI,일반 목적용 기계 제조업,2008-02-22
100250,진양홀딩스,KOSPI,플라스틱제품 제조업,2008-02-15
085310,엔케이,KOSPI,구조용 금속제품  탱크 및 증기발생기 제조업,2008-01-24
051600,한전KPS,KOSPI,전기 및 통신 공사업,2007-12-14
092440,기신정기,KOSPI,특수 목적용 기계 제조업,2007-10-30
044450,KSS해운,KOSPI,해상 운송업,2007-10-26
094280,효성 ITX,KOSPI,기타 사업지원 서비스업,2007-10-25
033270,유나이티드,KOSPI,의약품 제조업,2007-10-23
092200,디아이씨,KOSPI,자동차 신품 부품 제조업,2007-10-18
097950,CJ제일제당,KOSPI,기타 식품 제조업,2007-09-28
028670,팬오션,KOSPI,해상 운송업,2007-09-21
097230,HJ중공업,KOSPI,토목 건설업,2007-08-31
096760,JW홀딩스,KOSPI,기타 금융업,2007-07-31
096770,SK이노베이션,KOSPI,석유 정제품 제조업,2007-07-25
029780,삼성카드,KOSPI,기타 금융업,2007-06-27
001780,알루코,KOSPI,1차 비철금속 제조업,2007-06-07
095720,웅진씽크빅,KOSPI,초등 교육기관,2007-05-31
094800,맵스리얼티,KOSPI,신탁업 및 집합투자업,2007-04-09
090370,메타랩스,KOSPI,봉제의복 제조업,2006-12-26
093370,후성,KOSPI,기초 화학물질 제조업,2006-12-22
093050,LF,KOSPI,봉제의복 제조업,2006-12-01
044380,주연테크,KOSPI,컴퓨터 및 주변장치 제조업,2006-11-15
044820,코스맥스비티아이,KOSPI,기타 금융업,2006-11-13
034590,인천도시가스,KOSPI,연료용 가스 제조 및 배관공급업,2006-11-07
009770,삼정펄프,KOSPI,펄프  종이 및 판지 제조업,2006-10-17
092220,KEC,KOSPI,반도체 제조업,2006-10-16
092230,KPX홀딩스,KOSPI,기초 화학물질 제조업,2006-10-12
089470,HDC현대EP,KOSPI,기타 화학제품 제조업,2006-09-25
090350,노루페인트,KOSPI,기타 화학제품 제조업,2006-07-03
090430,아모레퍼시픽,KOSPI,기타 화학제품 제조업,2006-06-29
032350,롯데관광개발,KOSPI,여행사 및 기타 여행보조 서비스업,2006-06-08
090080,평화산업,KOSPI,자동차 신품 부품 제조업,2006-06-02
049800,우진플라임,KOSPI,특수 목적용 기계 제조업,2006-05-24
035510,신세계I&C,KOSPI,컴퓨터 프로그래밍  시스템 통합 및 관리업,2006-05-18
088790,진도,KOSPI,기타 전문 도매업,2006-03-28
088980,맥쿼리인프라,KOSPI,신탁업 및 집합투자업,2006-03-15
023530,롯데쇼핑,KOSPI,종합 소매업,2006-02-09
086280,현대글로비스,KOSPI,기타 운송관련 서비스업,2005-12-26
084870,티비에이치글로벌,KOSPI,봉제의복 제조업,2005-12-19
086790,하나금융지주,KOSPI,기타 금융업,2005-12-12
001560,제일연마,KOSPI,기타 비금속 광물제품 제조업,2005-12-09
079430,현대리바트,KOSPI,가구 제조업,2005-11-22
084010,대한제강,KOSPI,1차 철강 제조업,2005-10-31
075180,새론오토모티브,KOSPI,자동차 신품 부품 제조업,2005-10-21
083420,그린케미칼,KOSPI,기타 화학제품 제조업,2005-10-20
084690,대상홀딩스,KOSPI,기타 금융업,2005-08-17
071950,코아스,KOSPI,가구 제조업,2005-08-04
084680,이월드,KOSPI,귀금속 및 장신용품 제조업,2005-07-26
084670,동양고속,KOSPI,육상 여객 운송업,2005-07-25
042700,한미반도체,KOSPI,특수 목적용 기계 제조업,2005-07-22
004890,동일산업,KOSPI,1차 철강 제조업,2005-06-30
010960,삼호개발,KOSPI,기반조성 및 시설물 축조관련 전문공사업,2005-05-12
073240,금호타이어,KOSPI,고무제품 제조업,2005-02-17
079160,CJ CGV,KOSPI,영화  비디오물  방송프로그램 제작 및 배급업,2004-12-24
081000,일진다이아,KOSPI,기타 화학제품 제조업,2004-12-22
014830,유니드,KOSPI,기초 화학물질 제조업,2004-12-03
041650,상신브레이크,KOSPI,자동차 신품 부품 제조업,2004-10-27
023810,인팩,KOSPI,자동차 신품 부품 제조업,2004-09-21
078930,GS,KOSPI,기타 금융업,2004-08-05
077500,유니퀘스트,KOSPI,기계장비 및 관련 물품 도매업,2004-08-05
058730,다스코,KOSPI,구조용 금속제품  탱크 및 증기발생기 제조업,2004-08-02
034220,LG디스플레이,KOSPI,전자부품 제조업,2004-07-23
078000,텔코웨어,KOSPI,자료처리  호스팅  포털 및 기타 인터넷 정보매개 서비스업,2004-07-20
077970,STX엔진,KOSPI,일반 목적용 기계 제조업,2004-05-10
034310,NICE,KOSPI,회사 본부 및 경영 컨설팅 서비스업,2004-02-04
019680,대교,KOSPI,초등 교육기관,2004-02-03
024110,기업은행,KOSPI,은행 및 저축기관,2003-12-24
074610,이엔플러스,KOSPI,일반 목적용 기계 제조업,2003-12-23
025750,한솔홈데코,KOSPI,제재 및 목재 가공업,2003-11-04
007660,이수페타시스,KOSPI,전자부품 제조업,2003-10-07
035250,강원랜드,KOSPI,유원지 및 기타 오락관련 서비스업,2003-09-04
037270,YG PLUS,KOSPI,자료처리  호스팅  포털 및 기타 인터넷 정보매개 서비스업,2003-08-01
072710,농심홀딩스,KOSPI,기타 금융업,2003-07-30
071050,한국금융지주,KOSPI,기타 금융업,2003-07-21
072130,유엔젤,KOSPI,자료처리  호스팅  포털 및 기타 인터넷 정보매개 서비스업,2003-07-01
034120,SBS,KOSPI,텔레비전 방송업,2003-06-25
036570,NC,KOSPI,소프트웨어 개발 및 공급업,2003-05-22
071090,하이스틸,KOSPI,1차 철강 제조업,2003-02-17
069730,DSR제강,KOSPI,1차 철강 제조업,2003-01-28
006890,태경케미컬,KOSPI,기초 화학물질 제조업,2003-01-28
011500,한농화성,KOSPI,기타 화학제품 제조업,2003-01-09
069960,현대백화점,KOSPI,종합 소매업,2002-11-25
069460,대호에이엘,KOSPI,1차 비철금속 제조업,2002-11-11
069620,대웅제약,KOSPI,의약품 제조업,2002-11-01
027740,마니커,KOSPI,도축  육류 가공 및 저장 처리업,2002-10-29
036530,SNT홀딩스,KOSPI,기타 금융업,2002-10-22
069260,티케이지휴켐스,KOSPI,기타 화학제품 제조업,2002-10-07
033530,SJG세종,KOSPI,자동차 신품 부품 제조업,2002-09-25
058430,포스코스틸리온,KOSPI,1차 철강 제조업,2002-08-16
068290,삼성출판사,KOSPI,서적  잡지 및 기타 인쇄물 출판업,2002-08-05
067830,세이브존I&C,KOSPI,종합 소매업,2002-07-25
030610,교보증권,KOSPI,금융 지원 서비스업,2002-07-18
009240,한샘,KOSPI,생활용품 도매업,2002-07-16
017370,우신시스템,KOSPI,특수 목적용 기계 제조업,2002-05-28
066570,LG전자,KOSPI,통신 및 방송 장비 제조업,2002-04-22
024720,콜마홀딩스,KOSPI,기타 금융업,2002-04-09
064960,SNT모티브,KOSPI,자동차 신품 부품 제조업,2002-03-11
037710,광주신세계,KOSPI,종합 소매업,2002-02-07
020760,일진디스플,KOSPI,반도체 제조업,2002-01-09
063160,종근당바이오,KOSPI,의약품 제조업,2001-12-11
055550,신한지주,KOSPI,기타 금융업,2001-09-10
021240,코웨이,KOSPI,그외 기타 개인 서비스업,2001-08-07
058650,세아홀딩스,KOSPI,1차 철강 제조업,2001-07-30
051900,LG생활건강,KOSPI,기타 화학제품 제조업,2001-04-25
051910,LG화학,KOSPI,기초 화학물질 제조업,2001-04-25
047040,대우건설,KOSPI,건물 건설업,2001-03-23
047050,포스코인터내셔널,KOSPI,상품 중개업,2001-03-23
042660,한화오션,KOSPI,선박 및 보트 건조업,2001-02-02
051630,진양화학,KOSPI,플라스틱제품 제조업,2001-01-29
034020,두산에너빌리티,KOSPI,일반 목적용 기계 제조업,2000-10-25
010040,한국내화,KOSPI,내화  비내화 요업제품 제조업,2000-10-16
016450,한세예스24홀딩스,KOSPI,봉제의복 제조업,2000-01-06
016710,대성홀딩스,KOSPI,회사 본부 및 경영 컨설팅 서비스업,1999-12-22
003220,대원제약,KOSPI,의약품 제조업,1999-12-15
036460,한국가스공사,KOSPI,연료용 가스 제조 및 배관공급업,1999-12-15
007120,미래아이앤지,KOSPI,컴퓨터 프로그래밍  시스템 통합 및 관리업,1999-11-26
000850,화천기공,KOSPI,특수 목적용 기계 제조업,1999-11-18
036580,팜스코,KOSPI,곡물가공품  전분 및 전분제품 제조업,1999-10-25
033780,케이티앤지,KOSPI,담배 제조업,1999-10-08
009540,HD한국조선해양,KOSPI,기타 금융업,1999-08-24
024090,디씨엠,KOSPI,1차 철강 제조업,1999-08-18
006840,AK홀딩스,KOSPI,기타 금융업,1999-08-11
035000,HS애드,KOSPI,광고업,1999-08-11
006650,대한유화,KOSPI,기초 화학물질 제조업,1999-08-11
035150,백산,KOSPI,플라스틱제품 제조업,1999-08-11
033250,체시스,KOSPI,자동차 신품 부품 제조업,1999-08-11
033240,자화전자,KOSPI,전자부품 제조업,1999-01-06
030200,케이티,KOSPI,전기 통신업,1998-12-23
019490,엑시큐어하이트론,KOSPI,영상 및 음향기기 제조업,1998-11-04
030000,제일기획,KOSPI,광고업,1998-03-03
026890,스틱인베스트먼트,KOSPI,신탁업 및 집합투자업,1997-11-25
029460,케이씨,KOSPI,측정  시험  항해  제어 및 기타 정밀기기 제조업; 광학기기 제외,1997-11-25
024890,대원화성,KOSPI,플라스틱제품 제조업,1997-10-28
017940,E1,KOSPI,기타 전문 도매업,1997-08-27
018670,SK가스,KOSPI,기타 전문 도매업,1997-08-27
023590,다우기술,KOSPI,자료처리  호스팅  포털 및 기타 인터넷 정보매개 서비스업,1997-08-27
014440,영보화학,KOSPI,플라스틱제품 제조업,1997-08-27
011790,SKC,KOSPI,기타 화학제품 제조업,1997-07-18
025890,한국주강,KOSPI,특수 목적용 기계 제조업,1997-07-18
024900,디와이덕양,KOSPI,자동차 신품 부품 제조업,1997-06-23
023960,에쓰씨엔지니어링,KOSPI,토목 건설업,1997-06-23
023800,인지컨트롤스,KOSPI,자동차 신품 부품 제조업,1997-06-23
012320,경동인베스트,KOSPI,기타 금융업,1997-03-07
031820,아이티센씨티에스,KOSPI,컴퓨터 프로그래밍  시스템 통합 및 관리업,1997-02-12
025530,에스제이엠홀딩스,KOSPI,자동차 부품 및 내장품 판매업,1997-02-12
000660,SK하이닉스,KOSPI,반도체 제조업,1996-12-26
015360,INVENI,KOSPI,회사 본부 및 경영 컨설팅 서비스업,1996-12-24
023150,MH에탄올,KOSPI,알코올음료 제조업,1996-12-24
023450,동남합성,KOSPI,기초 화학물질 제조업,1996-12-24
028050,삼성E&A,KOSPI,건축기술  엔지니어링 및 관련 기술 서비스업,1996-12-24
029530,신도리코,KOSPI,컴퓨터 및 주변장치 제조업,1996-12-24
005320,온타이드,KOSPI,생활용품 도매업,1996-12-24
016800,퍼시스,KOSPI,가구 제조업,1996-12-24
024070,WISCOM,KOSPI,플라스틱제품 제조업,1996-11-22
030720,동원수산,KOSPI,어로 어업,1996-11-22
025560,미래산업,KOSPI,측정  시험  항해  제어 및 기타 정밀기기 제조업; 광학기기 제외,1996-11-22
030210,다올투자증권,KOSPI,금융 지원 서비스업,1996-11-19
012630,HDC,KOSPI,기타 금융업,1996-10-16
017900,광전자,KOSPI,반도체 제조업,1996-10-16
025540,한국단자공업,KOSPI,전동기  발전기 및 전기 변환 · 공급 · 제어 장치 제조업,1996-10-16
003160,디아이,KOSPI,측정  시험  항해  제어 및 기타 정밀기기 제조업; 광학기기 제외,1996-07-31
011930,신성이엔지,KOSPI,반도체 제조업,1996-07-31
019180,티에이치엔,KOSPI,기타 전기장비 제조업,1996-07-31
018880,한온시스템,KOSPI,일반 목적용 기계 제조업,1996-07-31
006740,블루산업개발,KOSPI,골판지  종이 상자 및 종이용기 제조업,1996-07-03
021820,세원정공,KOSPI,자동차 신품 부품 제조업,1996-07-03
000910,유니온,KOSPI,시멘트  석회  플라스터 및 그 제품 제조업,1996-07-03
020120,키다리스튜디오,KOSPI,자료처리  호스팅  포털 및 기타 인터넷 정보매개 서비스업,1996-07-03
027970,한국제지,KOSPI,펄프  종이 및 판지 제조업,1996-07-03
020000,한섬,KOSPI,봉제의복 제조업,1996-07-03
017800,현대엘리베이터,KOSPI,일반 목적용 기계 제조업,1996-07-03
016580,환인제약,KOSPI,의약품 제조업,1996-07-03
013580,계룡건설산업,KOSPI,토목 건설업,1996-01-30
021050,서원,KOSPI,금속 주조업,1996-01-30
012750,에스원,KOSPI,경비  경호 및 탐정업,1996-01-30
015890,태경산업,KOSPI,기초 화학물질 제조업,1996-01-30
016590,신대양제지,KOSPI,골판지  종이 상자 및 종이용기 제조업,1995-12-21
011690,와이투솔루션,KOSPI,반도체 제조업,1995-12-21
025860,남해화학,KOSPI,비료  농약 및 살균  살충제 제조업,1995-11-10
018500,동원모빌리티,KOSPI,자동차 신품 부품 제조업,1995-11-10
011300,우성머티리얼스,KOSPI,직물직조 및 직물제품 제조업,1995-11-10
011200,HMM,KOSPI,해상 운송업,1995-10-05
012610,경인양행,KOSPI,기초 화학물질 제조업,1995-10-05
017810,풀무원,KOSPI,기타 식품 제조업,1995-10-05
017390,서울도시가스,KOSPI,연료용 가스 제조 및 배관공급업,1995-08-18
025820,이구산업,KOSPI,1차 비철금속 제조업,1995-08-18
011090,에넥스,KOSPI,가구 제조업,1995-07-08
007460,에이프로젠,KOSPI,의약품 제조업,1995-07-08
025620,차AI헬스케어,KOSPI,기타 화학제품 제조업,1995-07-08
017960,한국카본,KOSPI,구조용 금속제품  탱크 및 증기발생기 제조업,1995-07-08
025000,KPX케미칼,KOSPI,기초 화학물질 제조업,1994-12-27
007980,TP,KOSPI,봉제의복 제조업,1994-12-27
010580,에스엠벡셀,KOSPI,자동차 신품 부품 제조업,1994-12-27
009440,KC그린홀딩스,KOSPI,기타 금융업,1994-11-05
008420,문배철강,KOSPI,1차 철강 제조업,1994-11-05
016880,웅진,KOSPI,기타 금융업,1994-11-05
014790,HL D&I,KOSPI,토목 건설업,1994-08-12
007310,오뚜기,KOSPI,기타 식품 제조업,1994-08-12
010120,엘에스일렉트릭,KOSPI,전동기  발전기 및 전기 변환 · 공급 · 제어 장치 제조업,1994-07-11
009190,대양금속,KOSPI,1차 철강 제조업,1994-04-29
000760,이화산업,KOSPI,기타 전문 도매업,1994-04-29
014820,동원시스템즈,KOSPI,플라스틱제품 제조업,1994-03-29
010140,삼성중공업,KOSPI,선박 및 보트 건조업,1994-01-28
009680,모토닉,KOSPI,자동차 신품 부품 제조업,1994-01-14
010690,화신,KOSPI,자동차 신품 부품 제조업,1994-01-14
000390,SP삼화,KOSPI,기타 화학제품 제조업,1993-09-10
009450,경동나비엔,KOSPI,가정용 기기 제조업,1993-08-31
012030,DB,KOSPI,컴퓨터 프로그래밍  시스템 통합 및 관리업,1993-01-06
005090,SGC에너지,KOSPI,전기업,1993-01-06
005750,대림바스,KOSPI,내화  비내화 요업제품 제조업,1992-12-23
005880,대한해운,KOSPI,해상 운송업,1992-04-23
005870,휴니드테크놀러지스,KOSPI,통신 및 방송 장비 제조업,1991-09-03
017550,수산세보틱스,KOSPI,특수 목적용 기계 제조업,1991-08-30
011170,롯데케미칼,KOSPI,기초 화학물질 제조업,1991-05-30
001430,세아베스틸지주,KOSPI,1차 철강 제조업,1991-03-12
008770,호텔신라,KOSPI,기타 상품 전문 소매업,1991-03-12
014580,태경비케이,KOSPI,시멘트  석회  플라스터 및 그 제품 제조업,1991-03-07
013520,화승코퍼레이션,KOSPI,자동차 신품 부품 제조업,1991-02-22
004080,신흥,KOSPI,기계장비 및 관련 물품 도매업,1991-02-08
006060,화승인더스트리,KOSPI,상품 종합 도매업,1991-02-04
014530,극동유화,KOSPI,석유 정제품 제조업,1991-01-31
002140,고려산업,KOSPI,곡물가공품  전분 및 전분제품 제조업,1991-01-14
016090,대현,KOSPI,봉제의복 제조업,1990-09-20
001620,케이비아이동국실업,KOSPI,자동차 신품 부품 제조업,1990-09-15
017040,광명전기,KOSPI,전동기  발전기 및 전기 변환 · 공급 · 제어 장치 제조업,1990-09-14
011390,부산산업,KOSPI,시멘트  석회  플라스터 및 그 제품 제조업,1990-09-14
011810,STX,KOSPI,상품 종합 도매업,1990-09-12
010130,고려아연,KOSPI,1차 비철금속 제조업,1990-07-28
004720,팜젠사이언스,KOSPI,의약품 제조업,1990-06-15
009200,무림페이퍼,KOSPI,펄프  종이 및 판지 제조업,1990-06-09
001500,현대차증권,KOSPI,금융 지원 서비스업,1990-06-09
008870,금비,KOSPI,유리 및 유리제품 제조업,1990-06-08
005820,원림,KOSPI,직물직조 및 직물제품 제조업,1990-04-20
008490,서흥,KOSPI,기타 화학제품 제조업,1990-03-27
014910,성문전자,KOSPI,전자부품 제조업,1990-03-24
003580,HLB글로벌,KOSPI,종합 소매업,1990-03-23
015860,일진홀딩스,KOSPI,기타 금융업,1990-03-22
014160,대영포장,KOSPI,골판지  종이 상자 및 종이용기 제조업,1990-03-06
012280,영화금속,KOSPI,자동차 신품 부품 제조업,1990-01-25
019170,신풍제약,KOSPI,의약품 제조업,1990-01-20
002210,동성제약,KOSPI,의약품 제조업,1990-01-19
012170,아센디오,KOSPI,영화  비디오물  방송프로그램 제작 및 배급업,1989-12-20
009420,한올바이오파마,KOSPI,의약품 제조업,1989-12-18
011330,유니켐,KOSPI,자동차 신품 부품 제조업,1989-12-14
012800,대창,KOSPI,1차 비철금속 제조업,1989-12-05
013360,일성건설,KOSPI,토목 건설업,1989-12-02
013700,까뮤이앤씨,KOSPI,건물 건설업,1989-11-30
002760,보락,KOSPI,기타 화학제품 제조업,1989-11-30
007610,선도전기,KOSPI,전동기  발전기 및 전기 변환 · 공급 · 제어 장치 제조업,1989-11-30
004920,씨아이테크,KOSPI,영상 및 음향기기 제조업,1989-11-30
009290,광동제약,KOSPI,의약품 제조업,1989-11-17
011420,갤럭시아에스엠,KOSPI,스포츠 서비스업,1989-11-14
004270,남성,KOSPI,기타 전문 도매업,1989-11-14
001940,KISCO홀딩스,KOSPI,1차 철강 제조업,1989-11-13
009410,태영건설,KOSPI,토목 건설업,1989-11-13
007280,한국특강,KOSPI,1차 철강 제조업,1989-11-13
009180,한솔로지스틱스,KOSPI,기타 운송관련 서비스업,1989-11-13
002170,SYTS,KOSPI,가죽  가방 및 유사제품 제조업,1989-11-10
017670,SK텔레콤,KOSPI,전기 통신업,1989-11-07
010640,진양폴리우레탄,KOSPI,플라스틱제품 제조업,1989-09-30
003650,미창석유공업,KOSPI,석유 정제품 제조업,1989-09-27
004380,삼익THK,KOSPI,일반 목적용 기계 제조업,1989-09-26
002840,미원상사,KOSPI,기타 화학제품 제조업,1989-09-25
007860,서연,KOSPI,기타 금융업,1989-09-09
013000,세우글로벌,KOSPI,기타 전문 도매업,1989-09-05
012330,현대모비스,KOSPI,자동차 신품 부품 제조업,1989-09-05
001390,KG케미칼,KOSPI,기초 화학물질 제조업,1989-08-25
009320,아진전자부품,KOSPI,자동차 신품 부품 제조업,1989-08-25
001450,현대해상,KOSPI,보험업,1989-08-25
005440,현대지에프홀딩스,KOSPI,기타 금융업,1989-08-22
015760,한국전력공사,KOSPI,전기업,1989-08-10
007690,국도화학,KOSPI,기초 화학물질 제조업,1989-08-05
006280,녹십자,KOSPI,의약품 제조업,1989-08-01
009160,SIMPAC,KOSPI,1차 철강 제조업,1989-07-29
008600,윌비스,KOSPI,생활용품 도매업,1989-07-28
015230,대창단조,KOSPI,자동차 신품 부품 제조업,1989-07-25
007160,사조산업,KOSPI,수산물 가공 및 저장 처리업,1989-07-25
014130,한익스프레스,KOSPI,도로 화물 운송업,1989-07-25
008040,사조동아원,KOSPI,곡물가공품  전분 및 전분제품 제조업,1989-06-24
009580,무림P&P,KOSPI,펄프  종이 및 판지 제조업,1989-06-20
014990,인디에프,KOSPI,봉제의복 제조업,1989-06-20
009140,케이아이이,KOSPI,전자부품 제조업,1989-06-20
013570,디와이,KOSPI,기타 금융업,1989-05-30
003610,방림,KOSPI,직물직조 및 직물제품 제조업,1989-05-30
015590,DKME,KOSPI,일반 목적용 기계 제조업,1989-05-27
014680,한솔케미칼,KOSPI,기초 화학물질 제조업,1989-05-20
010820,퍼스텍,KOSPI,무기 및 총포탄 제조업,1989-05-10
006040,동원산업,KOSPI,기타 금융업,1989-03-07
008060,대덕,KOSPI,기타 금융업,1989-01-26
003680,한성기업,KOSPI,수산물 가공 및 저장 처리업,1989-01-26
015020,이스타코,KOSPI,부동산 임대 및 공급업,1988-12-23
011280,태림포장,KOSPI,골판지  종이 상자 및 종이용기 제조업,1988-12-20
002310,아세아제지,KOSPI,골판지  종이 상자 및 종이용기 제조업,1988-12-15
010660,화천기계,KOSPI,특수 목적용 기계 제조업,1988-12-12
011150,CJ씨푸드,KOSPI,기타 식품 제조업,1988-11-26
001770,SHD,KOSPI,1차 철강 제조업,1988-11-23
018470,조일알미늄,KOSPI,1차 비철금속 제조업,1988-11-22
005850,에스엘,KOSPI,자동차 신품 부품 제조업,1988-11-08
009970,영원무역홀딩스,KOSPI,기타 금융업,1988-11-07
003850,보령,KOSPI,의약품 제조업,1988-10-24
008250,이건산업,KOSPI,나무제품 제조업,1988-10-21
012690,모나리자,KOSPI,기타 종이 및 판지 제품 제조업,1988-10-14
006370,대구백화점,KOSPI,종합 소매업,1988-10-10
006980,우성,KOSPI,곡물가공품  전분 및 전분제품 제조업,1988-10-10
002920,유성기업,KOSPI,자동차 신품 부품 제조업,1988-10-10
002220,한일철강,KOSPI,1차 철강 제조업,1988-10-07
002450,삼익악기,KOSPI,악기 제조업,1988-09-30
002460,HS화성,KOSPI,건물 건설업,1988-09-29
007340,DN오토모티브,KOSPI,일차전지 및 이차전지 제조업,1988-09-24
000890,보해양조,KOSPI,알코올음료 제조업,1988-09-23
001290,상상인증권,KOSPI,금융 지원 서비스업,1988-09-23
003010,혜인,KOSPI,기계장비 및 관련 물품 도매업,1988-09-20
014280,금강공업,KOSPI,1차 철강 제조업,1988-09-10
009810,MDS스피어,KOSPI,기타 전문 도매업,1988-08-31
008730,율촌화학,KOSPI,플라스틱제품 제조업,1988-08-30
009270,신원,KOSPI,봉제의복 제조업,1988-08-24
004140,동방,KOSPI,기타 운송관련 서비스업,1988-08-10
002960,한국쉘석유,KOSPI,석유 정제품 제조업,1988-08-10
003000,부광약품,KOSPI,의약품 제조업,1988-08-05
005810,풍산홀딩스,KOSPI,기타 금융업,1988-07-28
001270,부국증권,KOSPI,금융 지원 서비스업,1988-07-19
012200,계양전기,KOSPI,일반 목적용 기계 제조업,1988-07-06
004710,한솔테크닉스,KOSPI,전자부품 제조업,1988-07-06
016610,DB증권,KOSPI,금융 지원 서비스업,1988-06-27
008930,한미사이언스,KOSPI,기타 금융업,1988-06-20
005500,삼진제약,KOSPI,의약품 제조업,1988-06-18
005490,POSCO홀딩스,KOSPI,1차 철강 제조업,1988-06-10
002410,범양건영,KOSPI,건물 건설업,1988-05-25
005690,파미셀,KOSPI,전자부품 제조업,1988-05-20
001230,동국홀딩스,KOSPI,기타 금융업,1988-05-09
006340,대원전선,KOSPI,절연선 및 케이블 제조업,1988-05-04
005950,이수화학,KOSPI,기초 화학물질 제조업,1988-04-28
016360,삼성증권,KOSPI,금융 지원 서비스업,1988-03-28
002810,삼영무역,KOSPI,기타 전문 도매업,1988-03-28
001750,한양증권,KOSPI,금융 지원 서비스업,1988-03-04
011780,금호석유화학,KOSPI,기초 화학물질 제조업,1988-01-22
003470,유안타증권,KOSPI,금융 지원 서비스업,1988-01-21
002620,제일파마홀딩스,KOSPI,회사 본부 및 경영 컨설팅 서비스업,1988-01-20
015260,에이엔피,KOSPI,전자부품 제조업,1988-01-18
009460,한창제지,KOSPI,펄프  종이 및 판지 제조업,1987-12-23
005720,넥센,KOSPI,고무제품 제조업,1987-12-19
006660,삼성공조,KOSPI,자동차 신품 부품 제조업,1987-11-28
004490,세방전지,KOSPI,일차전지 및 이차전지 제조업,1987-11-28
011000,진원생명과학,KOSPI,의약품 제조업,1987-11-16
009310,참엔지니어링,KOSPI,특수 목적용 기계 제조업,1987-11-12
010100,한국무브넥스,KOSPI,자동차 신품 부품 제조업,1987-10-02
005070,코스모신소재,KOSPI,기타 화학제품 제조업,1987-09-28
004830,덕성,KOSPI,플라스틱제품 제조업,1987-09-25
001720,신영증권,KOSPI,금융 지원 서비스업,1987-08-24
001200,유진증권,KOSPI,금융 지원 서비스업,1987-08-24
003460,유화증권,KOSPI,금융 지원 서비스업,1987-08-24
011700,한신기계공업,KOSPI,일반 목적용 기계 제조업,1987-07-24
005420,코스모화학,KOSPI,기타 화학제품 제조업,1987-07-23
000500,가온전선,KOSPI,절연선 및 케이블 제조업,1987-06-08
010950,S-Oil,KOSPI,석유 정제품 제조업,1987-05-27
012450,한화에어로스페이스,KOSPI,항공기 우주선 및 부품 제조업,1987-05-27
011230,삼화전자공업,KOSPI,영상 및 음향기기 제조업,1987-05-25
004020,현대제철,KOSPI,1차 철강 제조업,1987-05-23
004770,써니전자,KOSPI,전자부품 제조업,1987-04-22
004560,현대비앤지스틸,KOSPI,1차 철강 제조업,1987-03-24
006090,사조오양,KOSPI,수산물 가공 및 저장 처리업,1986-12-24
003530,한화투자증권,KOSPI,금융 지원 서비스업,1986-11-25
009470,삼화전기,KOSPI,전자부품 제조업,1986-11-24
001510,SK증권,KOSPI,금융 지원 서비스업,1986-09-20
010770,평화홀딩스,KOSPI,자동차 신품 부품 제조업,1986-03-31
007110,일신석재,KOSPI,건축자재  철물 및 난방장치 도매업,1986-03-04
016380,KG스틸,KOSPI,1차 철강 제조업,1986-02-03
010780,아이에스동서,KOSPI,시멘트  석회  플라스터 및 그 제품 제조업,1986-01-27
002360,SH에너지화학,KOSPI,기초 화학물질 제조업,1985-12-23
003830,대한화섬,KOSPI,화학섬유 제조업,1985-12-23
007810,코리아써키트,KOSPI,전자부품 제조업,1985-09-09
004170,신세계,KOSPI,종합 소매업,1985-08-19
010060,OCI홀딩스,KOSPI,기타 금융업,1985-07-09
000520,삼일제약,KOSPI,의약품 제조업,1985-05-29
006490,프리티,KOSPI,전기 통신업,1985-01-17
003120,일성아이에스,KOSPI,의약품 제조업,1985-01-14
000720,현대건설,KOSPI,토목 건설업,1984-12-22
002710,TCC스틸,KOSPI,1차 철강 제조업,1984-12-21
003060,에이프로젠바이오로직스,KOSPI,의약품 제조업,1984-10-19
007700,F&F 홀딩스,KOSPI,기타 금융업,1984-10-04
008700,아남전자,KOSPI,영상 및 음향기기 제조업,1984-08-11
006360,GS건설,KOSPI,건물 건설업,1981-08-03
006110,삼아알미늄,KOSPI,1차 비철금속 제조업,1980-12-05
006200,한국전자홀딩스,KOSPI,기타 금융업,1979-11-30
006400,삼성SDI,KOSPI,일차전지 및 이차전지 제조업,1979-02-27
009150,삼성전기,KOSPI,전자부품 제조업,1979-02-27
005960,동부건설,KOSPI,토목 건설업,1978-10-30
009070,케이씨티시,KOSPI,도로 화물 운송업,1978-09-29
003070,코오롱글로벌,KOSPI,토목 건설업,1978-09-15
005180,빙그레,KOSPI,동·식물성 유지 및 낙농제품 제조업,1978-08-31
005250,녹십자홀딩스,KOSPI,회사 본부 및 경영 컨설팅 서비스업,1978-08-28
000480,시알홀딩스,KOSPI,내화  비내화 요업제품 제조업,1978-06-30
004310,현대약품,KOSPI,의약품 제조업,1978-06-28
003920,남양유업,KOSPI,동·식물성 유지 및 낙농제품 제조업,1978-06-24
008350,남선알미늄,KOSPI,1차 비철금속 제조업,1978-05-22
003350,한국화장품제조,KOSPI,기타 화학제품 제조업,1978-02-06
011760,현대코퍼레이션,KOSPI,상품 종합 도매업,1977-12-01
006260,LS,KOSPI,기타 금융업,1977-06-30
001740,SK네트웍스,KOSPI,기타 전문 도매업,1977-06-30
002100,경농,KOSPI,비료  농약 및 살균  살충제 제조업,1977-06-30
004870,티웨이홀딩스,KOSPI,시멘트  석회  플라스터 및 그 제품 제조업,1977-06-30
007590,동방아그로,KOSPI,비료  농약 및 살균  살충제 제조업,1977-06-29
004430,송원산업,KOSPI,기타 화학제품 제조업,1977-06-25
002780,진흥기업,KOSPI,토목 건설업,1977-06-25
004090,한국석유공업,KOSPI,기타 비금속 광물제품 제조업,1977-06-25
000650,천일고속,KOSPI,육상 여객 운송업,1977-06-23
000430,대원강업,KOSPI,자동차 신품 부품 제조업,1977-06-22
001080,만호제강,KOSPI,1차 철강 제조업,1977-06-18
004700,조광피혁,KOSPI,가죽  가방 및 유사제품 제조업,1977-05-27
004360,세방,KOSPI,도로 화물 운송업,1977-05-19
008970,KBI동양철관,KOSPI,1차 철강 제조업,1977-03-05
002880,디와이에이,KOSPI,자동차 신품 부품 제조업,1977-02-18
001260,남광토건,KOSPI,토목 건설업,1976-12-28
005680,삼영전자공업,KOSPI,전자부품 제조업,1976-12-28
005800,신영와코루,KOSPI,봉제의복 제조업,1976-12-28
002630,오리엔트바이오,KOSPI,의약품 제조업,1976-12-28
001550,조비,KOSPI,비료  농약 및 살균  살충제 제조업,1976-12-28
005430,한국공항,KOSPI,기타 운송관련 서비스업,1976-12-28
004910,조광페인트,KOSPI,기타 화학제품 제조업,1976-12-27
003080,SB성보,KOSPI,비료  농약 및 살균  살충제 제조업,1976-12-23
004690,삼천리,KOSPI,연료용 가스 제조 및 배관공급업,1976-12-23
002600,조흥,KOSPI,기타 식품 제조업,1976-12-23
001570,금양,KOSPI,기초 화학물질 제조업,1976-12-17
003960,사조대림,KOSPI,수산물 가공 및 저장 처리업,1976-09-16
002070,비비안,KOSPI,봉제의복 제조업,1976-07-13
003570,SNT다이내믹스,KOSPI,자동차 신품 부품 제조업,1976-07-08
004960,한신공영,KOSPI,건물 건설업,1976-07-07
004370,농심,KOSPI,기타 식품 제조업,1976-06-30
003720,삼영,KOSPI,플라스틱제품 제조업,1976-06-30
004980,성신양회,KOSPI,시멘트  석회  플라스터 및 그 제품 제조업,1976-06-30
004970,신라교역,KOSPI,어로 어업,1976-06-30
002870,신풍,KOSPI,기타 전문 도매업,1976-06-30
001630,종근당홀딩스,KOSPI,의약품 제조업,1976-06-30
005740,크라운해태홀딩스,KOSPI,기타 금융업,1976-06-30
002390,한독,KOSPI,의약품 제조업,1976-06-30
001380,SG글로벌,KOSPI,자동차 신품 부품 제조업,1976-06-29
006120,SK디스커버리,KOSPI,기타 금융업,1976-06-29
007540,샘표,KOSPI,기타 금융업,1976-06-29
003280,흥아해운,KOSPI,해상 운송업,1976-06-29
001250,GS글로벌,KOSPI,상품 종합 도매업,1976-06-26
002990,금호건설,KOSPI,건물 건설업,1976-06-26
001470,삼부토건,KOSPI,토목 건설업,1976-06-26
001820,삼화콘덴서공업,KOSPI,전자부품 제조업,1976-06-26
001020,페이퍼코리아,KOSPI,펄프  종이 및 판지 제조업,1976-06-26
001520,동양,KOSPI,시멘트  석회  플라스터 및 그 제품 제조업,1976-06-25
000880,한화,KOSPI,기타 화학제품 제조업,1976-06-24
001060,JW중외제약,KOSPI,의약품 제조업,1976-06-14
000670,영풍,KOSPI,1차 비철금속 제조업,1976-06-12
001340,PKC,KOSPI,기초 화학물질 제조업,1976-06-10
000180,성창기업지주,KOSPI,회사 본부 및 경영 컨설팅 서비스업,1976-06-02
005110,한창,KOSPI,기계장비 및 관련 물품 도매업,1976-06-01
004450,삼화왕관,KOSPI,기타 금속 가공제품 제조업,1976-05-28
000040,KR모터스,KOSPI,그외 기타 운송장비 제조업,1976-05-25
002240,고려제강,KOSPI,1차 철강 제조업,1976-05-25
004100,태양금속공업,KOSPI,자동차 신품 부품 제조업,1976-05-25
002820,SUN&L,KOSPI,플라스틱제품 제조업,1976-05-22
004840,DRB동일,KOSPI,고무제품 제조업,1976-05-21
002350,넥센타이어,KOSPI,고무제품 제조업,1976-05-19
004060,SG세계물산,KOSPI,상품 종합 도매업,1976-04-19
004000,롯데정밀화학,KOSPI,기초 화학물질 제조업,1976-04-15
000020,동화약품,KOSPI,의약품 제조업,1976-03-24
000210,DL,KOSPI,기초 화학물질 제조업,1976-02-02
001120,LX인터내셔널,KOSPI,상품 중개업,1976-01-30
002720,국제약품,KOSPI,의약품 제조업,1975-12-27
003240,태광산업,KOSPI,화학섬유 제조업,1975-12-27
005030,부산주공,KOSPI,자동차 신품 부품 제조업,1975-12-26
000590,CS홀딩스,KOSPI,기타 금융업,1975-12-22
000990,DB하이텍,KOSPI,반도체 제조업,1975-12-12
006570,대림통상,KOSPI,기타 금속 가공제품 제조업,1975-11-20
000220,유유제약,KOSPI,의약품 제조업,1975-11-18
000860,강남제비스코,KOSPI,기타 화학제품 제조업,1975-11-12
003540,대신증권,KOSPI,금융 지원 서비스업,1975-10-01
005940,NH투자증권,KOSPI,금융 지원 서비스업,1975-09-30
006800,미래에셋증권,KOSPI,금융 지원 서비스업,1975-09-30
002700,신일전자,KOSPI,기계장비 및 관련 물품 도매업,1975-09-30
001360,삼성제약,KOSPI,의약품 제조업,1975-07-04
000810,삼성화재해상보험,KOSPI,보험업,1975-06-30
003230,삼양식품,KOSPI,기타 식품 제조업,1975-06-30
000370,한화손해보험,KOSPI,보험업,1975-06-30
008260,NI스틸,KOSPI,1차 철강 제조업,1975-06-28
000230,일동홀딩스,KOSPI,의약품 제조업,1975-06-28
000490,대동,KOSPI,특수 목적용 기계 제조업,1975-06-27
001800,오리온홀딩스,KOSPI,기타 금융업,1975-06-27
004540,깨끗한나라,KOSPI,펄프  종이 및 판지 제조업,1975-06-25
001420,태원물산,KOSPI,자동차 신품 부품 제조업,1975-06-24
002020,코오롱,KOSPI,기타 금융업,1975-06-23
005930,삼성전자,KOSPI,통신 및 방송 장비 제조업,1975-06-11
000300,DH오토넥스,KOSPI,자동차 신품 부품 제조업,1975-06-09
001460,BYC,KOSPI,봉제의복 제조업,1975-06-02
003620,KG모빌리티,KOSPI,자동차용 엔진 및 자동차 제조업,1975-05-29
005610,삼립,KOSPI,기타 식품 제조업,1975-05-02
000540,흥국화재,KOSPI,보험업,1974-12-05
007570,일양약품,KOSPI,의약품 제조업,1974-08-28
002320,한진,KOSPI,도로 화물 운송업,1974-08-12
002200,한국수출포장공업,KOSPI,골판지  종이 상자 및 종이용기 제조업,1974-06-28
005380,현대자동차,KOSPI,자동차용 엔진 및 자동차 제조업,1974-06-28
005360,모나미,KOSPI,생활용품 도매업,1974-06-26
009830,한화솔루션,KOSPI,기초 화학물질 제조업,1974-06-19
002030,아세아,KOSPI,회사 본부 및 경영 컨설팅 서비스업,1974-06-03
004990,롯데지주,KOSPI,기타 금융업,1974-02-16
001070,대한방직,KOSPI,직물직조 및 직물제품 제조업,1973-12-28
004410,서울식품공업,KOSPI,기타 식품 제조업,1973-12-28
000680,LS네트웍스,KOSPI,상품 종합 도매업,1973-11-15
001210,금호전기,KOSPI,전구 및 조명장치 제조업,1973-11-15
000140,하이트진로홀딩스,KOSPI,기타 금융업,1973-09-19
000320,노루홀딩스,KOSPI,기타 금융업,1973-08-10
000270,기아,KOSPI,자동차용 엔진 및 자동차 제조업,1973-07-21
004800,효성,KOSPI,기타 금융업,1973-06-30
001040,CJ,KOSPI,기타 금융업,1973-06-29
000150,두산,KOSPI,전자부품 제조업,1973-06-29
005010,휴스틸,KOSPI,1차 철강 제조업,1973-06-29
005830,DB손해보험,KOSPI,보험업,1973-06-28
002900,TYM,KOSPI,특수 목적용 기계 제조업,1973-06-26
003090,대웅,KOSPI,의약품 제조업,1973-06-26
003780,진양산업,KOSPI,플라스틱제품 제조업,1973-06-26
003520,영진약품,KOSPI,의약품 제조업,1973-06-25
002380,케이씨씨,KOSPI,기타 화학제품 제조업,1973-06-25
005300,롯데칠성음료,KOSPI,비알코올음료 및 얼음 제조업,1973-06-21
003200,일신방직,KOSPI,방적 및 가공사 제조업,1973-05-23
002790,아모레퍼시픽홀딩스,KOSPI,기타 화학제품 제조업,1973-04-30
006220,제주은행,KOSPI,은행 및 저축기관,1972-12-28
004150,한솔홀딩스,KOSPI,기타 금융업,1972-05-17
007210,벽산,KOSPI,기타 비금속 광물제품 제조업,1972-01-04
000400,롯데손해보험,KOSPI,보험업,1971-04-16
001130,대한제분,KOSPI,곡물가공품  전분 및 전분제품 제조업,1970-11-25
001680,대상,KOSPI,기타 식품 제조업,1970-04-01
003550,LG,KOSPI,기타 금융업,1970-02-13
000640,동아쏘시오홀딩스,KOSPI,기타 금융업,1970-02-10
003690,코리안리,KOSPI,재 보험업,1969-12-22
000970,한국주철관공업,KOSPI,1차 철강 제조업,1969-12-12
003300,한일홀딩스,KOSPI,시멘트  석회  플라스터 및 그 제품 제조업,1969-11-20
004250,엔피씨,KOSPI,플라스틱제품 제조업,1969-09-08
003030,세아제강지주,KOSPI,기타 금융업,1969-05-13
001440,대한전선,KOSPI,절연선 및 케이블 제조업,1968-12-27
001790,대한제당,KOSPI,곡물가공품  전분 및 전분제품 제조업,1968-12-27
000070,삼양홀딩스,KOSPI,기타 금융업,1968-12-27
002420,우양피앤엘,KOSPI,연료 소매업,1968-12-27
000240,한국앤컴퍼니,KOSPI,기타 금융업,1968-12-27
000950,전방,KOSPI,방적 및 가공사 제조업,1968-10-21
003490,대한항공,KOSPI,항공 여객 운송업,1966-03-18
001530,디아이동일,KOSPI,상품 중개업,1964-01-04
000100,유한양행,KOSPI,의약품 제조업,1962-11-01
000120,CJ대한통운,KOSPI,도로 화물 운송업,1956-07-02
000050,경방,KOSPI,종합 소매업,1956-03-03
000700,유수홀딩스,KOSPI,회사 본부 및 경영 컨설팅 서비스업,1956-03-03
003480,한진중공업홀딩스,KOSPI,연료용 가스 제조 및 배관공급업,1956-03-03
0010S0,와이즈플래닛컴퍼니,KOSDAQ,기타 생활용품 소매업,2026-09-23
0209J0,KB제34호스팩,KOSDAQ,금융 지원 서비스업,2026-09-22
0200G0,한국제17호스팩,KOSDAQ,금융 지원 서비스업,2026-09-22
0161M0,네오사피엔스,KOSDAQ,소프트웨어 개발 및 공급업,2026-09-21
0197V0,엔에이치스팩34호,KOSDAQ,금융 지원 서비스업,2026-09-10
386380,스카이랩스,KOSDAQ,의료용 기기 제조업,2026-09-04
0155E0,해치텍,KOSDAQ,반도체 제조업,2026-08-25
417030,니어스랩,KOSDAQ,소프트웨어 개발 및 공급업,2026-08-24
282620,기도산업,KOSDAQ,봉제의복 제조업,2026-08-21
950260,인제니아테라퓨틱스,KOSDAQ,자연과학 및 공학 연구개발업,2026-08-18
487400,케이앤에스아이앤씨,KOSDAQ,통신 및 방송 장비 제조업,2026-08-13
483350,딜리셔스,KOSDAQ,무점포 소매업,2026-08-12
0218L0,네오뷰,KOSDAQ,영상 및 음향기기 제조업,2026-07-27
0156T0,에이치엘지노믹스,KOSDAQ,기초 의약물질 제조업,2026-07-24
387690,레메디,KOSDAQ,의료용 기기 제조업,2026-07-13
365660,레몬헬스케어,KOSDAQ,소프트웨어 개발 및 공급업,2026-07-06
0039P0,매드업,KOSDAQ,광고업,2026-07-01
475040,스트라드비젼,KOSDAQ,소프트웨어 개발 및 공급업,2026-06-30
0164H0,한국제16호스팩,KOSDAQ,금융 지원 서비스업,2026-06-30
153890,져스텍,KOSDAQ,전동기  발전기 및 전기 변환 · 공급 · 제어 장치 제조업,2026-06-29
0165X0,메리츠제2호스팩,KOSDAQ,금융 지원 서비스업,2026-06-19
0017J0,세미티에스,KOSDAQ,특수 목적용 기계 제조업,2026-06-10
0117P0,피스피스스튜디오,KOSDAQ,섬유  의복  신발 및 가죽제품 소매업,2026-06-08
0134X0,대신밸런스제20호스팩,KOSDAQ,금융 지원 서비스업,2026-06-05
477850,마키나락스,KOSDAQ,소프트웨어 개발 및 공급업,2026-05-20
288180,케이피항공산업,KOSDAQ,항공기 우주선 및 부품 제조업,2026-05-19
487580,폴레드,KOSDAQ,가정용 기기 제조업,2026-05-14
439960,코스모로보틱스,KOSDAQ,의료용 기기 제조업,2026-05-11
0129K0,신한제18호스팩,KOSDAQ,금융 지원 서비스업,2026-04-30
0011T0,채비,KOSDAQ,전동기  발전기 및 전기 변환 · 공급 · 제어 장치 제조업,2026-04-29
0131D0,키움히어로제2호스팩,KOSDAQ,금융 지원 서비스업,2026-04-23
0010F0,보원케미칼,KOSDAQ,플라스틱제품 제조업,2026-04-03
0132G0,교보20호스팩,KOSDAQ,기타 금융업,2026-04-02
0007J0,인벤테라,KOSDAQ,자연과학 및 공학 연구개발업,2026-04-02
0130D0,신한제17호스팩,KOSDAQ,금융 지원 서비스업,2026-04-01
394420,리센스메디컬,KOSDAQ,의료용 기기 제조업,2026-03-31
0130H0,엔에이치스팩33호,KOSDAQ,금융 지원 서비스업,2026-03-27
0088M0,메쥬,KOSDAQ,의료용 기기 제조업,2026-03-26
408470,한패스,KOSDAQ,기타 금융업,2026-03-25
493280,아이엠바이오로직스,KOSDAQ,자연과학 및 공학 연구개발업,2026-03-20
0082N0,카나프테라퓨틱스,KOSDAQ,자연과학 및 공학 연구개발업,2026-03-16
0011A0,액스비스,KOSDAQ,기타 전기장비 제조업,2026-03-09
458350,에스팀,KOSDAQ,기타 사업지원 서비스업,2026-03-06
0001A0,덕양에너젠,KOSDAQ,연료용 가스 제조 및 배관공급업,2026-01-30
0115H0,삼성스팩13호,KOSDAQ,금융 지원 서비스업,2026-01-21
0004V0,엔비알모션,KOSDAQ,기타 금속 가공제품 제조업,2026-01-14
493330,지에프아이,KOSDAQ,일반 목적용 기계 제조업,2026-01-14
012210,삼미금속,KOSDAQ,기타 금속 가공제품 제조업,2025-12-29
490470,세미파이브,KOSDAQ,건축기술  엔지니어링 및 관련 기술 서비스업,2025-12-29
491000,리브스메드,KOSDAQ,의료용 기기 제조업,2025-12-24
0097F0,미래에셋비전스팩10호,KOSDAQ,금융 지원 서비스업,2025-12-23
0099W0,미래에셋비전스팩11호,KOSDAQ,금융 지원 서비스업,2025-12-22
0013V0,삼진식품,KOSDAQ,수산물 가공 및 저장 처리업,2025-12-22
0101C0,하나36호스팩,KOSDAQ,금융 지원 서비스업,2025-12-22
0099X0,IBKS제25호스팩,KOSDAQ,금융 지원 서비스업,2025-12-19
476830,알지노믹스,KOSDAQ,자연과학 및 공학 연구개발업,2025-12-18
478340,나라스페이스테크놀로지,KOSDAQ,항공기 우주선 및 부품 제조업,2025-12-17
0007C0,아크릴,KOSDAQ,소프트웨어 개발 및 공급업,2025-12-16
0088D0,메리츠제1호스팩,KOSDAQ,금융 지원 서비스업,2025-12-15
0098T0,교보19호스팩,KOSDAQ,금융 지원 서비스업,2025-12-12
464490,쿼드메디슨,KOSDAQ,기초 의약물질 제조업,2025-12-12
466690,키움히어로제1호스팩,KOSDAQ,금융 지원 서비스업,2025-12-12
0105P0,유진스팩12호,KOSDAQ,금융 지원 서비스업,2025-12-11
261520,이지스,KOSDAQ,소프트웨어 개발 및 공급업,2025-12-11
0015S0,페스카로,KOSDAQ,그외 기타 전문  과학 및 기술 서비스업,2025-12-10
950250,테라뷰,KOSDAQ,기타 금융업,2025-12-09
0054V0,엔에이치스팩32호,KOSDAQ,금융 지원 서비스업,2025-12-05
0009K0,에임드바이오,KOSDAQ,자연과학 및 공학 연구개발업,2025-12-04
0096D0,미래에셋비전스팩9호,KOSDAQ,금융 지원 서비스업,2025-12-01
0096B0,삼성스팩12호,KOSDAQ,기타 금융업,2025-11-28
0093G0,미래에셋비전스팩8호,KOSDAQ,금융 지원 서비스업,2025-11-27
0015N0,아로마티카,KOSDAQ,기타 화학제품 제조업,2025-11-27
0091W0,신영스팩11호,KOSDAQ,금융 지원 서비스업,2025-11-24
0068Y0,비엔케이제3호스팩,KOSDAQ,금융 지원 서비스업,2025-11-21
488900,비츠로넥스텍,KOSDAQ,항공기 우주선 및 부품 제조업,2025-11-21
388210,씨엠티엑스,KOSDAQ,전자부품 제조업,2025-11-20
403850,더핑크퐁컴퍼니,KOSDAQ,영화  비디오물  방송프로그램 제작 및 배급업,2025-11-18
0015G0,그린광학,KOSDAQ,사진장비 및 광학기기 제조업,2025-11-17
459550,알트,KOSDAQ,통신 및 방송 장비 제조업,2025-11-17
061090,세나테크놀로지,KOSDAQ,통신 및 방송 장비 제조업,2025-11-14
494120,큐리오시스,KOSDAQ,사진장비 및 광학기기 제조업,2025-11-13
469610,이노테크,KOSDAQ,특수 목적용 기계 제조업,2025-11-07
486990,노타,KOSDAQ,소프트웨어 개발 및 공급업,2025-11-03
014950,삼익제약,KOSDAQ,의약품 제조업,2025-10-27
0072Z0,KB제33호스팩,KOSDAQ,금융 지원 서비스업,2025-09-30
0071M0,삼성스팩11호,KOSDAQ,금융 지원 서비스업,2025-09-30
488280,에스투더블유,KOSDAQ,소프트웨어 개발 및 공급업,2025-09-19
342870,오아,KOSDAQ,가전제품 및 정보통신장비 소매업,2025-09-09
318060,그래피,KOSDAQ,합성고무 및 플라스틱 물질 제조업,2025-08-25
397810,애드포러스,KOSDAQ,광고업,2025-08-22
0044K0,삼성스팩10호,KOSDAQ,금융 지원 서비스업,2025-08-21
0010V0,제이피아이헬스케어,KOSDAQ,의료용 기기 제조업,2025-08-21
125490,한라캐스트,KOSDAQ,자동차 신품 부품 제조업,2025-08-20
0008Z0,에스엔시스,KOSDAQ,전동기  발전기 및 전기 변환 · 공급 · 제어 장치 제조업,2025-08-19
484590,삼양컴텍,KOSDAQ,무기 및 총포탄 제조업,2025-08-18
0041B0,교보18호스팩,KOSDAQ,금융 지원 서비스업,2025-08-14
456160,지투지바이오,KOSDAQ,의약품 제조업,2025-08-14
309710,아이티켐,KOSDAQ,기초 의약물질 제조업,2025-08-07
0041L0,하나35호스팩,KOSDAQ,금융 지원 서비스업,2025-08-06
468530,프로티나,KOSDAQ,자연과학 및 공학 연구개발업,2025-07-29
475230,엔알비,KOSDAQ,기타 금속 가공제품 제조업,2025-07-28
380550,뉴로핏,KOSDAQ,소프트웨어 개발 및 공급업,2025-07-25
484120,도우인시스,KOSDAQ,전자부품 제조업,2025-07-23
0004Y0,디비금융제14호스팩,KOSDAQ,기타 금융업,2025-07-22
0041J0,엘에스스팩1호,KOSDAQ,금융 지원 서비스업,2025-07-22
331740,아우토크립트,KOSDAQ,소프트웨어 개발 및 공급업,2025-07-15
462310,뉴키즈온,KOSDAQ,봉제의복 제조업,2025-07-09
234030,싸이닉솔루션,KOSDAQ,반도체 제조업,2025-07-07
0037T0,KB제32호스팩,KOSDAQ,금융 지원 서비스업,2025-07-04
463020,뉴엔AI,KOSDAQ,소프트웨어 개발 및 공급업,2025-07-04
388610,지에프씨생명과학,KOSDAQ,기타 화학제품 제조업,2025-06-30
455180,케이지에이,KOSDAQ,특수 목적용 기계 제조업,2025-06-17
340450,지씨지놈,KOSDAQ,그외 기타 전문  과학 및 기술 서비스업,2025-06-11
474650,링크솔루션,KOSDAQ,특수 목적용 기계 제조업,2025-06-10
475430,키스트론,KOSDAQ,절연선 및 케이블 제조업,2025-06-02
496070,신한제16호스팩,KOSDAQ,금융 지원 서비스업,2025-05-29
287840,인투셀,KOSDAQ,자연과학 및 공학 연구개발업,2025-05-23
489460,바이오비쥬,KOSDAQ,기타 화학제품 제조업,2025-05-20
424870,이뮨온시아,KOSDAQ,자연과학 및 공학 연구개발업,2025-05-19
188040,바이오포트,KOSDAQ,기타 식품 제조업,2025-05-16
125020,티씨머티리얼즈,KOSDAQ,절연선 및 케이블 제조업,2025-05-15
376900,로킷헬스케어,KOSDAQ,의료용품 및 기타 의약 관련제품 제조업,2025-05-12
476040,오가노이드사이언스,KOSDAQ,자연과학 및 공학 연구개발업,2025-05-09
136150,원일티엔아이,KOSDAQ,일반 목적용 기계 제조업,2025-05-09
459510,나우로보틱스,KOSDAQ,특수 목적용 기계 제조업,2025-05-08
364950,에이아이코리아,KOSDAQ,특수 목적용 기계 제조업,2025-04-29
081180,쎄크,KOSDAQ,일반 목적용 기계 제조업,2025-04-28
448900,한국피아이엠,KOSDAQ,자동차 신품 부품 제조업,2025-04-04
481070,에이유브랜즈,KOSDAQ,섬유  의복  신발 및 가죽제품 소매업,2025-04-03
101970,우양에이치씨,KOSDAQ,구조용 금속제품  탱크 및 증기발생기 제조업,2025-03-28
462860,더즌,KOSDAQ,전기 통신업,2025-03-24
444530,심플랫폼,KOSDAQ,소프트웨어 개발 및 공급업,2025-03-21
484810,티엑스알로보틱스,KOSDAQ,일반 목적용 기계 제조업,2025-03-20
098070,한텍,KOSDAQ,구조용 금속제품  탱크 및 증기발생기 제조업,2025-03-20
498390,한화플러스제5호스팩,KOSDAQ,금융 지원 서비스업,2025-03-20
460870,에스엠씨지,KOSDAQ,유리 및 유리제품 제조업,2025-03-07
226590,엠디바이스,KOSDAQ,전자부품 제조업,2025-03-07
393970,대진첨단소재,KOSDAQ,플라스틱제품 제조업,2025-03-06
435570,에르코스,KOSDAQ,도시락 및 식사용 조리식품 제조업,2025-02-28
489500,엘케이켐,KOSDAQ,기타 화학제품 제조업,2025-02-25
479960,위너스일렉,KOSDAQ,기타 전기장비 제조업,2025-02-24
463480,모티브링크,KOSDAQ,전자부품 제조업,2025-02-20
303810,동국생명과학,KOSDAQ,의약품 제조업,2025-02-17
475830,오름테라퓨틱,KOSDAQ,기초 의약물질 제조업,2025-02-14
240550,동방메디컬,KOSDAQ,의료용 기기 제조업,2025-02-13
212710,아이에스티이,KOSDAQ,반도체 제조업,2025-02-12
462980,아이지넷,KOSDAQ,기타 정보 서비스업,2025-02-04
452450,피아이이,KOSDAQ,특수 목적용 기계 제조업,2025-02-04
482630,삼양엔씨켐,KOSDAQ,기타 화학제품 제조업,2025-02-03
373160,데이원컴퍼니,KOSDAQ,기타 교육기관,2025-01-24
450950,아스테라시스,KOSDAQ,의료용 기기 제조업,2025-01-24
096250,와이즈넛,KOSDAQ,소프트웨어 개발 및 공급업,2025-01-24
475460,미트박스,KOSDAQ,기타 정보 서비스업,2025-01-23
493790,유안타제17호스팩,KOSDAQ,금융 지원 서비스업,2025-01-23
478560,블랙야크아이앤씨,KOSDAQ,신발 및 신발 부분품 제조업,2025-01-21
432980,엠에프씨,KOSDAQ,기초 의약물질 제조업,2024-12-26
387570,파인메딕스,KOSDAQ,의료용 기기 제조업,2024-12-26
177900,쓰리에이로직스,KOSDAQ,반도체 제조업,2024-12-24
487360,신한제14호스팩,KOSDAQ,금융 지원 서비스업,2024-12-23
176750,듀켐바이오,KOSDAQ,의약품 제조업,2024-12-20
487720,키움제10호스팩,KOSDAQ,금융 지원 서비스업,2024-12-20
398120,에스지헬스케어,KOSDAQ,의료용 기기 제조업,2024-12-19
476060,온코닉테라퓨틱스,KOSDAQ,자연과학 및 공학 연구개발업,2024-12-19
382150,온코크로스,KOSDAQ,자연과학 및 공학 연구개발업,2024-12-18
457600,벡트,KOSDAQ,영상 및 음향기기 제조업,2024-12-16
471820,셀로맥스사이언스,KOSDAQ,기타 식품 제조업,2024-12-13
492220,KB제31호스팩,KOSDAQ,금융 지원 서비스업,2024-12-12
489480,키움제11호스팩,KOSDAQ,금융 지원 서비스업,2024-12-11
489730,디비금융제13호스팩,KOSDAQ,기타 금융업,2024-11-28
489210,교보17호스팩,KOSDAQ,금융 지원 서비스업,2024-11-21
482690,대신밸런스제19호스팩,KOSDAQ,금융 지원 서비스업,2024-11-20
459100,위츠,KOSDAQ,전자부품 제조업,2024-11-20
389680,유디엠텍,KOSDAQ,소프트웨어 개발 및 공급업,2024-11-20
474610,RF시스템즈,KOSDAQ,기타 금속 가공제품 제조업,2024-11-19
466410,사이냅소프트,KOSDAQ,소프트웨어 개발 및 공급업,2024-11-19
484130,하나34호스팩,KOSDAQ,금융 지원 서비스업,2024-11-19
475660,에스켐,KOSDAQ,기타 화학제품 제조업,2024-11-18
413390,엠오티,KOSDAQ,특수 목적용 기계 제조업,2024-11-18
487830,신한제15호스팩,KOSDAQ,금융 지원 서비스업,2024-11-15
394800,쓰리빌리언,KOSDAQ,자연과학 및 공학 연구개발업,2024-11-14
464580,닷밀,KOSDAQ,영화  비디오물  방송프로그램 제작 및 배급업,2024-11-13
473980,노머스,KOSDAQ,창작 및 예술관련 서비스업,2024-11-12
163280,에어레인,KOSDAQ,일반 목적용 기계 제조업,2024-11-08
475960,토모큐브,KOSDAQ,사진장비 및 광학기기 제조업,2024-11-07
376270,HEM파마,KOSDAQ,자연과학 및 공학 연구개발업,2024-11-05
475580,에이럭스,KOSDAQ,그외 기타 제품 제조업,2024-11-01
336680,탑런토탈솔루션,KOSDAQ,전자부품 제조업,2024-11-01
458650,성우,KOSDAQ,일차전지 및 이차전지 제조업,2024-10-31
488060,유진스팩11호,KOSDAQ,금융 지원 서비스업,2024-10-31
466100,클로봇,KOSDAQ,소프트웨어 개발 및 공급업,2024-10-28
044990,에이치엔에스하이텍,KOSDAQ,전자부품 제조업,2024-10-25
289930,웨이비스,KOSDAQ,반도체 제조업,2024-10-25
475400,씨메스로보틱스,KOSDAQ,특수 목적용 기계 제조업,2024-10-24
457370,한켐,KOSDAQ,기초 화학물질 제조업,2024-10-22
474170,루미르,KOSDAQ,항공기 우주선 및 부품 제조업,2024-10-21
209640,와이제이링크,KOSDAQ,특수 목적용 기계 제조업,2024-10-18
465480,인스피언,KOSDAQ,소프트웨어 개발 및 공급업,2024-10-18
308430,셀비온,KOSDAQ,의약품 제조업,2024-10-16
381620,제닉스로보틱스,KOSDAQ,특수 목적용 기계 제조업,2024-09-30
351870,차이커뮤니케이션,KOSDAQ,광고업,2024-09-27
486630,KB제30호스팩,KOSDAQ,금융 지원 서비스업,2024-09-25
464500,아이언디바이스,KOSDAQ,반도체 제조업,2024-09-23
482680,미래에셋비전스팩7호,KOSDAQ,금융 지원 서비스업,2024-09-11
469750,아이비젼웍스,KOSDAQ,특수 목적용 기계 제조업,2024-09-03
461300,아이스크림미디어,KOSDAQ,소프트웨어 개발 및 공급업,2024-08-30
456070,이엔셀,KOSDAQ,기초 의약물질 제조업,2024-08-23
476080,M83,KOSDAQ,영화  비디오물  방송프로그램 제작 및 배급업,2024-08-22
464280,티디에스팜,KOSDAQ,의약품 제조업,2024-08-21
389650,넥스트바이오메디컬,KOSDAQ,의료용 기기 제조업,2024-08-20
431190,케이쓰리아이,KOSDAQ,소프트웨어 개발 및 공급업,2024-08-20
088340,유라클,KOSDAQ,소프트웨어 개발 및 공급업,2024-08-16
482520,교보16호스팩,KOSDAQ,금융 지원 서비스업,2024-08-13
199480,뱅크웨어글로벌,KOSDAQ,소프트웨어 개발 및 공급업,2024-08-12
460470,아이빔테크놀로지,KOSDAQ,사진장비 및 광학기기 제조업,2024-08-06
460940,피앤에스로보틱스,KOSDAQ,의료용 기기 제조업,2024-07-31
481890,엔에이치스팩31호,KOSDAQ,금융 지원 서비스업,2024-07-26
473950,SK증권제13호스팩,KOSDAQ,금융 지원 서비스업,2024-07-25
373110,엑셀세라퓨틱스,KOSDAQ,기초 의약물질 제조업,2024-07-15
478110,이베스트스팩6호,KOSDAQ,금융 지원 서비스업,2024-07-12
450330,하스,KOSDAQ,의료용품 및 기타 의약 관련제품 제조업,2024-07-03
462350,이노스페이스,KOSDAQ,항공기 우주선 및 부품 제조업,2024-07-02
295310,에이치브이엠,KOSDAQ,1차 비철금속 제조업,2024-06-28
160190,하이젠알앤엠,KOSDAQ,전동기  발전기 및 전기 변환 · 공급 · 제어 장치 제조업,2024-06-27
479880,한국제15호스팩,KOSDAQ,금융 지원 서비스업,2024-06-26
464080,에스오에스랩,KOSDAQ,측정  시험  항해  제어 및 기타 정밀기기 제조업; 광학기기 제외,2024-06-25
478440,미래에셋비전스팩6호,KOSDAQ,금융 지원 서비스업,2024-06-24
477340,에이치엠씨제7호스팩,KOSDAQ,금융 지원 서비스업,2024-06-24
107640,한중엔시에스,KOSDAQ,전동기  발전기 및 전기 변환 · 공급 · 제어 장치 제조업,2024-06-24
478390,KB제29호스팩,KOSDAQ,금융 지원 서비스업,2024-06-21
477470,미래에셋비전스팩5호,KOSDAQ,금융 지원 서비스업,2024-06-19
458870,씨어스,KOSDAQ,의료용 기기 제조업,2024-06-19
477760,디비금융스팩12호,KOSDAQ,기타 금융업,2024-06-18
462510,라메디텍,KOSDAQ,의료용 기기 제조업,2024-06-17
453450,그리드위즈,KOSDAQ,그외 기타 전문  과학 및 기술 서비스업,2024-06-14
323350,다원넥스뷰,KOSDAQ,특수 목적용 기계 제조업,2024-06-11
477380,미래에셋비전스팩4호,KOSDAQ,금융 지원 서비스업,2024-05-29
145170,노브랜드,KOSDAQ,편조의복 제조업,2024-05-23
456010,아이씨티케이,KOSDAQ,반도체 제조업,2024-05-17
473000,SK증권제12호스팩,KOSDAQ,금융 지원 서비스업,2024-05-07
126730,코칩,KOSDAQ,전자부품 제조업,2024-05-07
452200,민테크,KOSDAQ,측정  시험  항해  제어 및 기타 정밀기기 제조업; 광학기기 제외,2024-05-03
140430,카티스,KOSDAQ,컴퓨터 프로그래밍  시스템 통합 및 관리업,2024-05-03
347850,디앤디파마텍,KOSDAQ,자연과학 및 공학 연구개발업,2024-05-02
474490,유안타제16호스팩,KOSDAQ,금융 지원 서비스업,2024-05-02
412540,제일엠앤에스,KOSDAQ,특수 목적용 기계 제조업,2024-04-30
451250,삐아,KOSDAQ,기타 화학제품 제조업,2024-04-25
475250,하나33호스팩,KOSDAQ,금융 지원 서비스업,2024-04-24
474930,신한제13호스팩,KOSDAQ,금융 지원 서비스업,2024-04-22
474660,신한제12호스팩,KOSDAQ,금융 지원 서비스업,2024-04-15
461030,아이엠비디엑스,KOSDAQ,자연과학 및 공학 연구개발업,2024-04-03
475240,하나32호스팩,KOSDAQ,금융 지원 서비스업,2024-03-27
455900,엔젤로보틱스,KOSDAQ,특수 목적용 기계 제조업,2024-03-26
420570,제이투케이바이오,KOSDAQ,기타 화학제품 제조업,2024-03-25
437730,삼현,KOSDAQ,자동차 신품 부품 제조업,2024-03-21
036220,오상헬스케어,KOSDAQ,의료용 기기 제조업,2024-03-13
199430,케이엔알시스템,KOSDAQ,측정  시험  항해  제어 및 기타 정밀기기 제조업; 광학기기 제외,2024-03-07
469900,하나31호스팩,KOSDAQ,금융 지원 서비스업,2024-03-05
472230,SK증권제11호스팩,KOSDAQ,금융 지원 서비스업,2024-03-04
473050,유안타제15호스팩,KOSDAQ,금융 지원 서비스업,2024-02-29
468760,유진스팩10호,KOSDAQ,금융 지원 서비스업,2024-02-29
418620,E8,KOSDAQ,소프트웨어 개발 및 공급업,2024-02-23
360350,코셈,KOSDAQ,측정  시험  항해  제어 및 기타 정밀기기 제조업; 광학기기 제외,2024-02-23
068100,케이웨더,KOSDAQ,일반 목적용 기계 제조업,2024-02-22
452430,사피엔반도체,KOSDAQ,반도체 제조업,2024-02-19
443670,에스피소프트,KOSDAQ,컴퓨터 프로그래밍  시스템 통합 및 관리업,2024-02-15
415380,스튜디오삼익,KOSDAQ,기타 생활용품 소매업,2024-02-06
472850,폰드그룹,KOSDAQ,섬유  의복  신발 및 가죽제품 소매업,2024-02-02
469480,IBKS제24호스팩,KOSDAQ,금융 지원 서비스업,2024-02-01
199550,레이저옵텍,KOSDAQ,의료용 기기 제조업,2024-02-01
452400,이닉스,KOSDAQ,자동차 신품 부품 제조업,2024-02-01
105760,포스뱅크,KOSDAQ,일반 목적용 기계 제조업,2024-01-29
460930,현대힘스,KOSDAQ,선박 및 보트 건조업,2024-01-26
440290,HB인베스트먼트,KOSDAQ,기타 금융업,2024-01-25
362990,드림인사이트,KOSDAQ,광고업,2024-01-25
457550,우진엔텍,KOSDAQ,그외 기타 전문  과학 및 기술 서비스업,2024-01-24
452190,한빛레이저,KOSDAQ,특수 목적용 기계 제조업,2024-01-04
109670,씨싸이트,KOSDAQ,봉제의복 제조업,2023-12-21
439580,블루엠텍,KOSDAQ,기타 전문 도매업,2023-12-13
417200,LS머트리얼즈,KOSDAQ,전자부품 제조업,2023-12-12
432470,케이엔에스,KOSDAQ,특수 목적용 기계 제조업,2023-12-06
338840,와이바이오로직스,KOSDAQ,자연과학 및 공학 연구개발업,2023-12-05
355690,에이텀,KOSDAQ,전자부품 제조업,2023-12-01
453860,에이에스텍,KOSDAQ,기타 화학제품 제조업,2023-11-28
402490,그린리소스,KOSDAQ,반도체 제조업,2023-11-24
452160,제이엔비,KOSDAQ,특수 목적용 기계 제조업,2023-11-24
452280,한선엔지니어링,KOSDAQ,기타 금속 가공제품 제조업,2023-11-24
448280,에코아이,KOSDAQ,기타 전문 서비스업,2023-11-21
352090,스톰테크,KOSDAQ,플라스틱제품 제조업,2023-11-20
452300,캡스톤파트너스,KOSDAQ,기타 금융업,2023-11-15
365330,에스와이스틸텍,KOSDAQ,구조용 금속제품  탱크 및 증기발생기 제조업,2023-11-13
445090,에이직랜드,KOSDAQ,반도체 제조업,2023-11-13
446540,메가터치,KOSDAQ,일차전지 및 이차전지 제조업,2023-11-09
413640,비아이매트릭스,KOSDAQ,소프트웨어 개발 및 공급업,2023-11-09
451760,컨텍,KOSDAQ,컴퓨터 프로그래밍  시스템 통합 및 관리업,2023-11-09
372320,큐로셀,KOSDAQ,자연과학 및 공학 연구개발업,2023-11-09
088280,쏘닉스,KOSDAQ,반도체 제조업,2023-11-07
188260,세니젠,KOSDAQ,그외 기타 제품 제조업,2023-11-03
290560,파라택시스이더리움,KOSDAQ,소프트웨어 개발 및 공급업,2023-11-03
240600,유진테크놀로지,KOSDAQ,기타 금속 가공제품 제조업,2023-11-02
221800,지구홀딩스,KOSDAQ,기타 과학기술 서비스업,2023-11-02
432720,퀄리타스반도체,KOSDAQ,반도체 제조업,2023-10-27
396470,워트,KOSDAQ,특수 목적용 기계 제조업,2023-10-26
246250,에스엘에스바이오,KOSDAQ,그외 기타 전문  과학 및 기술 서비스업,2023-10-20
416180,신성에스티,KOSDAQ,자동차 신품 부품 제조업,2023-10-19
445180,퓨릿,KOSDAQ,기초 화학물질 제조업,2023-10-18
451220,아이엠티,KOSDAQ,특수 목적용 기계 제조업,2023-10-10
443250,레뷰코퍼레이션,KOSDAQ,광고업,2023-10-06
430690,한싹,KOSDAQ,소프트웨어 개발 및 공급업,2023-10-04
418470,KT밀리의서재,KOSDAQ,서적  잡지 및 기타 인쇄물 출판업,2023-09-27
450520,인스웨이브,KOSDAQ,소프트웨어 개발 및 공급업,2023-09-25
403490,우듬지팜,KOSDAQ,과실  채소 가공 및 저장 처리업,2023-09-19
384470,코어라인소프트,KOSDAQ,소프트웨어 개발 및 공급업,2023-09-18
146060,율촌,KOSDAQ,1차 철강 제조업,2023-09-08
355390,크라우드웍스,KOSDAQ,소프트웨어 개발 및 공급업,2023-08-31
418250,시큐레터,KOSDAQ,소프트웨어 개발 및 공급업,2023-08-24
424960,스마트레이더시스템,KOSDAQ,측정  시험  항해  제어 및 기타 정밀기기 제조업; 광학기기 제외,2023-08-22
210120,캔버스엔,KOSDAQ,영화  비디오물  방송프로그램 제작 및 배급업,2023-08-17
448710,코츠테크놀로지,KOSDAQ,컴퓨터 및 주변장치 제조업,2023-08-10
445680,큐리옥스바이오시스템즈,KOSDAQ,의료용 기기 제조업,2023-08-10
440110,파두,KOSDAQ,반도체 제조업,2023-08-07
373170,엠아이큐브솔루션,KOSDAQ,소프트웨어 개발 및 공급업,2023-08-04
429270,시지트로닉스,KOSDAQ,반도체 제조업,2023-08-03
172670,에이엘티,KOSDAQ,반도체 제조업,2023-07-27
388870,파로스아이바이오,KOSDAQ,자연과학 및 공학 연구개발업,2023-07-27
438700,버넥트,KOSDAQ,소프트웨어 개발 및 공급업,2023-07-26
406820,뷰티스킨,KOSDAQ,기타 화학제품 제조업,2023-07-24
432430,와이랩,KOSDAQ,영화  비디오물  방송프로그램 제작 및 배급업,2023-07-20
321370,센서뷰,KOSDAQ,전자부품 제조업,2023-07-19
378340,필에너지,KOSDAQ,특수 목적용 기계 제조업,2023-07-14
274400,이노시뮬레이션,KOSDAQ,소프트웨어 개발 및 공급업,2023-07-06
354320,알멕,KOSDAQ,1차 비철금속 제조업,2023-06-30
440320,오픈놀,KOSDAQ,소프트웨어 개발 및 공급업,2023-06-30
232830,아이티센피엔에스,KOSDAQ,소프트웨어 개발 및 공급업,2023-06-29
303360,프로티아,KOSDAQ,의료용 기기 제조업,2023-06-16
348080,큐라티스,KOSDAQ,자연과학 및 공학 연구개발업,2023-06-15
439090,마녀공장,KOSDAQ,기타 화학제품 제조업,2023-06-08
405920,나라셀라,KOSDAQ,음·식료품 및 담배 도매업,2023-06-02
285800,진영,KOSDAQ,플라스틱제품 제조업,2023-06-01
420770,기가비스,KOSDAQ,특수 목적용 기계 제조업,2023-05-24
271830,팸텍,KOSDAQ,특수 목적용 기계 제조업,2023-05-23
434480,모니터랩,KOSDAQ,소프트웨어 개발 및 공급업,2023-05-19
340810,시선AI,KOSDAQ,소프트웨어 개발 및 공급업,2023-05-19
446840,지슨,KOSDAQ,측정  시험  항해  제어 및 기타 정밀기기 제조업; 광학기기 제외,2023-05-17
417790,트루엔,KOSDAQ,영상 및 음향기기 제조업,2023-05-17
304360,에스바이오메딕스,KOSDAQ,의약품 제조업,2023-05-04
298830,슈어소프트테크,KOSDAQ,소프트웨어 개발 및 공급업,2023-04-28
393210,토마토시스템,KOSDAQ,소프트웨어 개발 및 공급업,2023-04-27
424980,마이크로투나노,KOSDAQ,반도체 제조업,2023-04-26
318160,셀바이오휴먼텍,KOSDAQ,기타 섬유제품 제조업,2023-04-20
358570,지아이이노베이션,KOSDAQ,자연과학 및 공학 연구개발업,2023-03-30
309960,LB인베스트먼트,KOSDAQ,기타 금융업,2023-03-29
356680,엑스게이트,KOSDAQ,소프트웨어 개발 및 공급업,2023-03-16
282720,금양그린파워,KOSDAQ,전기 및 통신 공사업,2023-03-13
418420,라온텍,KOSDAQ,전자부품 제조업,2023-03-09
389020,자람테크놀로지,KOSDAQ,반도체 제조업,2023-03-07
417010,나노팀,KOSDAQ,일반 목적용 기계 제조업,2023-03-03
199730,바이오인프라,KOSDAQ,자연과학 및 공학 연구개발업,2023-03-02
344860,이노진,KOSDAQ,기타 화학제품 제조업,2023-02-20
127980,화인써키트,KOSDAQ,전자부품 제조업,2023-02-17
418550,제이오,KOSDAQ,건축기술  엔지니어링 및 관련 기술 서비스업,2023-02-16
411080,샌즈랩,KOSDAQ,소프트웨어 개발 및 공급업,2023-02-15
407400,꿈비,KOSDAQ,가구 제조업,2023-02-09
408900,스튜디오미르,KOSDAQ,영화  비디오물  방송프로그램 제작 및 배급업,2023-02-07
419050,삼기에너지솔루션즈,KOSDAQ,자동차 신품 부품 제조업,2023-02-03
417860,오브젠,KOSDAQ,소프트웨어 개발 및 공급업,2023-01-30
254490,미래반도체,KOSDAQ,기타 전문 도매업,2023-01-27
425040,티이엠씨,KOSDAQ,기초 화학물질 제조업,2023-01-19
198940,한주라이트메탈,KOSDAQ,1차 비철금속 제조업,2023-01-19
380540,옵티코어,KOSDAQ,마그네틱 및 광학 매체 제조업,2022-12-29
162300,신스틸,KOSDAQ,1차 철강 제조업,2022-12-23
417180,핑거스토리,KOSDAQ,기타 정보 서비스업,2022-12-08
419530,SAMG엔터,KOSDAQ,영화  비디오물  방송프로그램 제작 및 배급업,2022-12-06
168360,펨트론,KOSDAQ,특수 목적용 기계 제조업,2022-11-24
389470,인벤티지랩,KOSDAQ,자연과학 및 공학 연구개발업,2022-11-22
419080,엔젯,KOSDAQ,특수 목적용 기계 제조업,2022-11-18
084440,유비온,KOSDAQ,소프트웨어 개발 및 공급업,2022-11-18
204610,티쓰리,KOSDAQ,소프트웨어 개발 및 공급업,2022-11-17
425420,티에프이,KOSDAQ,전자부품 제조업,2022-11-17
372170,윤성에프앤씨,KOSDAQ,특수 목적용 기계 제조업,2022-11-14
383930,디티앤씨알오,KOSDAQ,자연과학 및 공학 연구개발업,2022-11-11
348340,뉴로메카,KOSDAQ,특수 목적용 기계 제조업,2022-11-04
417500,제이아이테크,KOSDAQ,기타 화학제품 제조업,2022-11-04
405100,큐알티,KOSDAQ,그외 기타 전문  과학 및 기술 서비스업,2022-11-02
417840,저스템,KOSDAQ,특수 목적용 기계 제조업,2022-10-28
419120,산돌,KOSDAQ,소프트웨어 개발 및 공급업,2022-10-27
405000,플라즈맵,KOSDAQ,의료용 기기 제조업,2022-10-21
291810,핀텔,KOSDAQ,소프트웨어 개발 및 공급업,2022-10-20
378800,샤페론,KOSDAQ,기초 의약물질 제조업,2022-10-19
419540,비스토스,KOSDAQ,의료용 기기 제조업,2022-10-18
360070,탑머티리얼,KOSDAQ,일차전지 및 이차전지 제조업,2022-10-18
389500,에스비비테크,KOSDAQ,일반 목적용 기계 제조업,2022-10-17
368970,오에스피,KOSDAQ,동물용 사료 및 조제식품 제조업,2022-10-14
417970,모델솔루션,KOSDAQ,특수 목적용 기계 제조업,2022-10-07
296640,이노에이엑스,KOSDAQ,소프트웨어 개발 및 공급업,2022-10-07
441270,파인엠텍,KOSDAQ,전자부품 제조업,2022-10-07
067370,선바이오,KOSDAQ,의약품 제조업,2022-10-05
393890,더블유씨피,KOSDAQ,일차전지 및 이차전지 제조업,2022-09-30
314140,알피바이오,KOSDAQ,의약품 제조업,2022-09-29
394280,오픈엣지테크놀로지,KOSDAQ,소프트웨어 개발 및 공급업,2022-09-26
129920,대성하이텍,KOSDAQ,특수 목적용 기계 제조업,2022-08-22
148930,에이치와이티씨,KOSDAQ,기타 금속 가공제품 제조업,2022-08-09
107600,새빗켐,KOSDAQ,기타 화학제품 제조업,2022-08-04
368600,아이씨에이치,KOSDAQ,전자부품 제조업,2022-07-29
365340,성일하이텍,KOSDAQ,기초 화학물질 제조업,2022-07-28
397030,에이프릴바이오,KOSDAQ,자연과학 및 공학 연구개발업,2022-07-28
424760,벨로크,KOSDAQ,컴퓨터 프로그래밍  시스템 통합 및 관리업,2022-07-22
328130,루닛,KOSDAQ,소프트웨어 개발 및 공급업,2022-07-21
403870,HPSP,KOSDAQ,특수 목적용 기계 제조업,2022-07-15
112290,와이씨켐,KOSDAQ,기타 화학제품 제조업,2022-07-14
402030,코난테크놀로지,KOSDAQ,소프트웨어 개발 및 공급업,2022-07-07
396270,넥스트칩,KOSDAQ,반도체 제조업,2022-07-01
412350,레이저쎌,KOSDAQ,특수 목적용 기계 제조업,2022-06-24
310210,보로노이,KOSDAQ,자연과학 및 공학 연구개발업,2022-06-24
377460,큐에이드,KOSDAQ,개인 및 가정용품 수리업,2022-06-23
148780,비큐AI,KOSDAQ,소프트웨어 개발 및 공급업,2022-06-20
382900,범한퓨얼셀,KOSDAQ,전동기  발전기 및 전기 변환 · 공급 · 제어 장치 제조업,2022-06-17
362320,청담글로벌,KOSDAQ,생활용품 도매업,2022-06-03
399720,가온칩스,KOSDAQ,반도체 제조업,2022-05-20
389260,대명에너지,KOSDAQ,건물 건설업,2022-05-16
389140,포바이포,KOSDAQ,영화  비디오물  방송프로그램 제작 및 배급업,2022-04-28
388050,지투파워,KOSDAQ,전동기  발전기 및 전기 변환 · 공급 · 제어 장치 제조업,2022-04-01
413630,씨피시스템,KOSDAQ,플라스틱제품 제조업,2022-03-31
396300,HT로보틱스,KOSDAQ,기타 금속 가공제품 제조업,2022-03-24
366030,나인앤컴퍼니,KOSDAQ,의복 액세서리 제조업,2022-03-23
388720,유일로보틱스,KOSDAQ,특수 목적용 기계 제조업,2022-03-18
288980,모아데이타,KOSDAQ,소프트웨어 개발 및 공급업,2022-03-10
408920,메쎄이상,KOSDAQ,기타 사업지원 서비스업,2022-03-07
376930,노을,KOSDAQ,의료용 기기 제조업,2022-03-03
146320,비씨엔씨,KOSDAQ,반도체 제조업,2022-03-03
371950,풍원정밀,KOSDAQ,전자부품 제조업,2022-02-28
330730,스톤브릿지벤처스,KOSDAQ,기타 금융업,2022-02-25
365900,브이씨,KOSDAQ,운동 및 경기용구 제조업,2022-02-24
370090,퓨런티어,KOSDAQ,측정  시험  항해  제어 및 기타 정밀기기 제조업; 광학기기 제외,2022-02-23
251120,바이오에프디엔씨,KOSDAQ,기초 의약물질 제조업,2022-02-21
211050,인카금융서비스,KOSDAQ,보험 및 연금관련 서비스업,2022-02-16
137080,나래나노텍,KOSDAQ,특수 목적용 기계 제조업,2022-02-08
136410,아셈스,KOSDAQ,플라스틱제품 제조업,2022-02-07
276040,스코넥,KOSDAQ,소프트웨어 개발 및 공급업,2022-02-04
377330,이지트로닉스,KOSDAQ,전동기  발전기 및 전기 변환 · 공급 · 제어 장치 제조업,2022-02-04
179530,애드바이오텍,KOSDAQ,의약품 제조업,2022-01-24
102370,케이옥션,KOSDAQ,상품 중개업,2022-01-24
353590,오토앤,KOSDAQ,자동차 부품 및 내장품 판매업,2022-01-20
200350,아티스트스튜디오,KOSDAQ,영화  비디오물  방송프로그램 제작 및 배급업,2021-12-30
199800,툴젠,KOSDAQ,자연과학 및 공학 연구개발업,2021-12-10
377480,마음AI,KOSDAQ,소프트웨어 개발 및 공급업,2021-11-23
361570,알비더블유,KOSDAQ,오디오물 출판 및 원판 녹음업,2021-11-22
290090,트윔,KOSDAQ,소프트웨어 개발 및 공급업,2021-11-17
372800,아이티아이즈,KOSDAQ,소프트웨어 개발 및 공급업,2021-11-11
311320,지오엘리먼트,KOSDAQ,전자부품 제조업,2021-11-11
357880,SKAI,KOSDAQ,소프트웨어 개발 및 공급업,2021-11-10
376300,디어유,KOSDAQ,소프트웨어 개발 및 공급업,2021-11-10
389030,지니너스,KOSDAQ,자연과학 및 공학 연구개발업,2021-11-08
376180,피코그램,KOSDAQ,그외 기타 제품 제조업,2021-11-03
348370,엔켐,KOSDAQ,기초 화학물질 제조업,2021-11-01
377450,리파인,KOSDAQ,기타 정보 서비스업,2021-10-29
382800,지앤비에스 에코,KOSDAQ,특수 목적용 기계 제조업,2021-10-29
114840,아이패밀리에스씨,KOSDAQ,기타 화학제품 제조업,2021-10-28
261780,아리바이오LAB,KOSDAQ,자연과학 및 공학 연구개발업,2021-10-22
382480,지아이텍,KOSDAQ,특수 목적용 기계 제조업,2021-10-21
391710,코닉오토메이션,KOSDAQ,특수 목적용 기계 제조업,2021-10-15
376290,씨유테크,KOSDAQ,전자부품 제조업,2021-10-08
159010,아스플로,KOSDAQ,일반 목적용 기계 제조업,2021-10-07
382840,원준,KOSDAQ,특수 목적용 기계 제조업,2021-10-07
257720,실리콘투,KOSDAQ,상품 종합 도매업,2021-09-29
260970,에스앤디,KOSDAQ,기타 식품 제조업,2021-09-29
377220,프롬바이오,KOSDAQ,기타 식품 제조업,2021-09-28
099430,바이오플러스,KOSDAQ,기초 의약물질 제조업,2021-09-27
273640,와이엠텍,KOSDAQ,전동기  발전기 및 전기 변환 · 공급 · 제어 장치 제조업,2021-09-10
203400,에이비온,KOSDAQ,자연과학 및 공학 연구개발업,2021-09-08
388790,라이콤,KOSDAQ,통신 및 방송 장비 제조업,2021-09-03
308080,바이젠셀,KOSDAQ,자연과학 및 공학 연구개발업,2021-08-25
099390,브레인즈컴퍼니,KOSDAQ,소프트웨어 개발 및 공급업,2021-08-19
315640,딥노이드,KOSDAQ,소프트웨어 개발 및 공급업,2021-08-17
058970,엠로,KOSDAQ,소프트웨어 개발 및 공급업,2021-08-13
367000,플래티어,KOSDAQ,소프트웨어 개발 및 공급업,2021-08-12
376980,원티드랩,KOSDAQ,소프트웨어 개발 및 공급업,2021-08-11
195940,HK이노엔,KOSDAQ,의약품 제조업,2021-08-09
270660,에브리봇,KOSDAQ,가정용 기기 제조업,2021-07-28
377030,비트맥스,KOSDAQ,소프트웨어 개발 및 공급업,2021-07-27
365270,큐라클,KOSDAQ,자연과학 및 공학 연구개발업,2021-07-22
352910,오비고,KOSDAQ,컴퓨터 프로그래밍  시스템 통합 및 관리업,2021-07-13
357580,아모센스,KOSDAQ,전자부품 제조업,2021-06-25
303530,이노뎁,KOSDAQ,소프트웨어 개발 및 공급업,2021-06-18
232680,라온로보틱스,KOSDAQ,특수 목적용 기계 제조업,2021-06-17
187660,페니트리움바이오,KOSDAQ,자연과학 및 공학 연구개발업,2021-06-03
383310,에코프로에이치엔,KOSDAQ,기타 화학제품 제조업,2021-05-28
363250,진시스템,KOSDAQ,의료용 기기 제조업,2021-05-26
276730,한울앤제주,KOSDAQ,알코올음료 제조업,2021-05-26
361670,삼영에스앤씨,KOSDAQ,전자부품 제조업,2021-05-21
252990,샘씨엔에스,KOSDAQ,전자부품 제조업,2021-05-20
352480,씨앤씨인터내셔널,KOSDAQ,기타 화학제품 제조업,2021-05-17
357230,에이치피오,KOSDAQ,기타 식품 제조업,2021-05-14
294570,쿠콘,KOSDAQ,기타 정보 서비스업,2021-04-28
351330,이삭엔지니어링,KOSDAQ,컴퓨터 프로그래밍  시스템 통합 및 관리업,2021-04-21
059270,해성에어로보틱스,KOSDAQ,기타 금속 가공제품 제조업,2021-04-21
333620,엔시스,KOSDAQ,기타 전기장비 제조업,2021-04-01
289220,자이언트스텝,KOSDAQ,영화  비디오물  방송프로그램 제작 및 배급업,2021-03-24
361390,제노코,KOSDAQ,통신 및 방송 장비 제조업,2021-03-24
347700,스피어,KOSDAQ,소프트웨어 개발 및 공급업,2021-03-23
314930,바이오다인,KOSDAQ,의료용 기기 제조업,2021-03-17
950220,네오이뮨텍,KOSDAQ,자연과학 및 공학 연구개발업,2021-03-16
356890,싸이버원,KOSDAQ,소프트웨어 개발 및 공급업,2021-03-11
334970,프레스티지바이오로직스,KOSDAQ,의약품 제조업,2021-03-11
247660,나노씨엠에스,KOSDAQ,전자부품 제조업,2021-03-09
338220,뷰노,KOSDAQ,소프트웨어 개발 및 공급업,2021-02-26
373200,엑스플러스,KOSDAQ,그외 기타 제품 제조업,2021-02-26
340930,성원에너텍,KOSDAQ,특수 목적용 기계 제조업,2021-02-25
189330,씨이랩,KOSDAQ,소프트웨어 개발 및 공급업,2021-02-24
322310,오로스테크놀로지,KOSDAQ,특수 목적용 기계 제조업,2021-02-24
239890,피엔에이치테크,KOSDAQ,기초 화학물질 제조업,2021-02-16
363260,모비데이즈,KOSDAQ,광고업,2021-02-10
262840,아이퀘스트,KOSDAQ,소프트웨어 개발 및 공급업,2021-02-05
277810,레인보우로보틱스,KOSDAQ,특수 목적용 기계 제조업,2021-02-03
321820,아티스트컴퍼니,KOSDAQ,창작 및 예술관련 서비스업,2021-02-03
163730,핑거,KOSDAQ,소프트웨어 개발 및 공급업,2021-01-29
348030,모비릭스,KOSDAQ,소프트웨어 개발 및 공급업,2021-01-28
352700,씨앤투스,KOSDAQ,화학섬유 제조업,2021-01-28
086710,선진뷰티사이언스,KOSDAQ,기타 화학제품 제조업,2021-01-27
236810,엔비티,KOSDAQ,광고업,2021-01-21
368770,파이버프로,KOSDAQ,측정  시험  항해  제어 및 기타 정밀기기 제조업; 광학기기 제외,2021-01-21
369370,블리츠웨이엔터테인먼트,KOSDAQ,창작 및 예술관련 서비스업,2020-12-23
357550,석경에이티,KOSDAQ,기초 화학물질 제조업,2020-12-23
314130,지놈앤컴퍼니,KOSDAQ,기초 의약물질 제조업,2020-12-23
335810,프리시젼바이오,KOSDAQ,의료용 기기 제조업,2020-12-22
347860,알체라,KOSDAQ,소프트웨어 개발 및 공급업,2020-12-21
365590,하이딥,KOSDAQ,반도체 제조업,2020-12-21
064850,에프앤가이드,KOSDAQ,기타 정보 서비스업,2020-12-17
356860,티엘비,KOSDAQ,전자부품 제조업,2020-12-14
352940,인바이오,KOSDAQ,비료  농약 및 살균  살충제 제조업,2020-12-11
354200,엔젠바이오,KOSDAQ,그외 기타 전문  과학 및 기술 서비스업,2020-12-10
317690,퀀타매트릭스,KOSDAQ,의료용 기기 제조업,2020-12-09
352770,셀레스트라,KOSDAQ,의료용품 및 기타 의약 관련제품 제조업,2020-12-04
318020,포인트모바일,KOSDAQ,컴퓨터 및 주변장치 제조업,2020-12-03
129890,앱코,KOSDAQ,컴퓨터 및 주변장치 제조업,2020-12-02
265740,엔에프씨,KOSDAQ,기타 화학제품 제조업,2020-12-02
199820,제일일렉트릭,KOSDAQ,전동기  발전기 및 전기 변환 · 공급 · 제어 장치 제조업,2020-11-26
299030,하나기술,KOSDAQ,특수 목적용 기계 제조업,2020-11-25
340570,티앤엘,KOSDAQ,의료용품 및 기타 의약 관련제품 제조업,2020-11-20
348150,고바이오랩,KOSDAQ,자연과학 및 공학 연구개발업,2020-11-18
330860,네패스아크,KOSDAQ,그외 기타 전문  과학 및 기술 서비스업,2020-11-17
290690,아리바이오홀딩스,KOSDAQ,전구 및 조명장치 제조업,2020-11-06
348350,위드텍,KOSDAQ,측정  시험  항해  제어 및 기타 정밀기기 제조업; 광학기기 제외,2020-10-30
347000,센코,KOSDAQ,측정  시험  항해  제어 및 기타 정밀기기 제조업; 광학기기 제외,2020-10-29
301300,바이브컴퍼니,KOSDAQ,소프트웨어 개발 및 공급업,2020-10-28
214610,롤링스톤,KOSDAQ,의료용 기기 제조업,2020-10-22
304840,피플바이오,KOSDAQ,의료용품 및 기타 의약 관련제품 제조업,2020-10-19
348210,넥스틴,KOSDAQ,특수 목적용 기계 제조업,2020-10-08
053080,케이엔솔,KOSDAQ,일반 목적용 기계 제조업,2020-09-24
126340,비나텍,KOSDAQ,일차전지 및 이차전지 제조업,2020-09-23
359090,씨엔알리서치,KOSDAQ,그외 기타 전문  과학 및 기술 서비스업,2020-09-23
323990,박셀바이오,KOSDAQ,자연과학 및 공학 연구개발업,2020-09-22
318410,비비씨,KOSDAQ,기타 화학제품 제조업,2020-09-21
355150,코스텍시스,KOSDAQ,반도체 제조업,2020-09-18
347770,핌스,KOSDAQ,전자부품 제조업,2020-09-18
291650,츌립앤사이언스,KOSDAQ,자연과학 및 공학 연구개발업,2020-09-16
294090,이오플로우,KOSDAQ,의료용 기기 제조업,2020-09-14
293490,카카오게임즈,KOSDAQ,소프트웨어 개발 및 공급업,2020-09-10
347740,피엔케이피부임상연구센타,KOSDAQ,그외 기타 전문  과학 및 기술 서비스업,2020-09-09
332370,아이디피,KOSDAQ,컴퓨터 및 주변장치 제조업,2020-08-24
331920,셀레믹스,KOSDAQ,기초 의약물질 제조업,2020-08-21
950190,고스트스튜디오,KOSDAQ,소프트웨어 개발 및 공급업,2020-08-18
337930,젝시믹스,KOSDAQ,기타 정보 서비스업,2020-08-13
060850,영림원소프트랩,KOSDAQ,소프트웨어 개발 및 공급업,2020-08-12
032300,한국파마,KOSDAQ,의약품 제조업,2020-08-10
357780,솔브레인,KOSDAQ,기타 화학제품 제조업,2020-08-06
332570,PS일렉트로닉스,KOSDAQ,전자부품 제조업,2020-07-31
101360,에코앤드림,KOSDAQ,일차전지 및 이차전지 제조업,2020-07-30
347890,엠엑스온,KOSDAQ,측정  시험  항해  제어 및 기타 정밀기기 제조업; 광학기기 제외,2020-07-29
298540,더네이쳐홀딩스,KOSDAQ,의복 액세서리 제조업,2020-07-27
225220,제놀루션,KOSDAQ,기초 의약물질 제조업,2020-07-24
304100,솔트룩스,KOSDAQ,소프트웨어 개발 및 공급업,2020-07-23
277880,티에스아이,KOSDAQ,특수 목적용 기계 제조업,2020-07-22
262260,에이프로,KOSDAQ,기타 전기장비 제조업,2020-07-16
950200,소마젠,KOSDAQ,그외 기타 전문  과학 및 기술 서비스업,2020-07-13
290520,신도기연,KOSDAQ,특수 목적용 기계 제조업,2020-07-06
330350,위더스제약,KOSDAQ,의약품 제조업,2020-07-03
169330,엠브레인,KOSDAQ,시장조사 및 여론조사업,2020-07-01
229000,젠큐릭스,KOSDAQ,의료용품 및 기타 의약 관련제품 제조업,2020-06-25
297890,HB솔루션,KOSDAQ,특수 목적용 기계 제조업,2020-06-22
351320,넥사다이내믹스,KOSDAQ,특수 목적용 기계 제조업,2020-06-22
298060,풍전약품,KOSDAQ,의약품 제조업,2020-06-17
353190,휴럼,KOSDAQ,기타 식품 제조업,2020-06-17
353810,이지바이오,KOSDAQ,동물용 사료 및 조제식품 제조업,2020-06-05
223250,드림씨아이에스,KOSDAQ,자연과학 및 공학 연구개발업,2020-05-22
198080,캐프,KOSDAQ,전자부품 제조업,2020-03-16
237820,플레이디,KOSDAQ,광고업,2020-03-12
092190,서울바이오시스,KOSDAQ,반도체 제조업,2020-03-06
204270,제이앤티씨,KOSDAQ,전자부품 제조업,2020-03-04
274090,켄코아에어로스페이스,KOSDAQ,항공기 우주선 및 부품 제조업,2020-03-03
294140,레몬,KOSDAQ,화학섬유 제조업,2020-02-28
294630,서남,KOSDAQ,기타 전기장비 제조업,2020-02-20
065370,위세아이텍,KOSDAQ,소프트웨어 개발 및 공급업,2020-02-10
340440,세림B&G,KOSDAQ,플라스틱제품 제조업,2019-12-27
311690,CJ 바이오사이언스,KOSDAQ,자연과학 및 공학 연구개발업,2019-12-26
062970,한국첨단소재,KOSDAQ,통신 및 방송 장비 제조업,2019-12-26
327260,RF머트리얼즈,KOSDAQ,전자부품 제조업,2019-12-24
339950,아이비김영,KOSDAQ,일반 교습 학원,2019-12-24
288330,파라택시스코리아,KOSDAQ,그외 기타 전문  과학 및 기술 서비스업,2019-12-20
340360,다보링크,KOSDAQ,통신 및 방송 장비 제조업,2019-12-19
235980,메드팩토,KOSDAQ,자연과학 및 공학 연구개발업,2019-12-19
336570,원텍,KOSDAQ,의료용 기기 제조업,2019-12-19
226330,신테카바이오,KOSDAQ,소프트웨어 개발 및 공급업,2019-12-17
322510,제이엘케이,KOSDAQ,소프트웨어 개발 및 공급업,2019-12-11
124560,태웅로직스,KOSDAQ,기타 운송관련 서비스업,2019-12-10
335870,윙스풋,KOSDAQ,섬유  의복  신발 및 가죽제품 소매업,2019-12-09
302550,리메드,KOSDAQ,의료용 기기 제조업,2019-12-06
336060,웨이버스,KOSDAQ,소프트웨어 개발 및 공급업,2019-11-28
278650,HLB바이오스텝,KOSDAQ,자연과학 및 공학 연구개발업,2019-11-27
321550,티움바이오,KOSDAQ,자연과학 및 공학 연구개발업,2019-11-22
297090,씨에스베어링,KOSDAQ,일반 목적용 기계 제조업,2019-11-21
103840,우양,KOSDAQ,과실  채소 가공 및 저장 처리업,2019-11-20
190650,코리아에셋투자증권,KOSDAQ,금융 지원 서비스업,2019-11-20
306040,에스제이그룹,KOSDAQ,가죽  가방 및 유사제품 제조업,2019-11-18
216080,제테마,KOSDAQ,의료용품 및 기타 의약 관련제품 제조업,2019-11-14
214260,라파스,KOSDAQ,기타 화학제품 제조업,2019-11-11
084850,아이티엠반도체,KOSDAQ,전자부품 제조업,2019-11-07
333430,일승,KOSDAQ,선박 및 보트 건조업,2019-11-06
279600,미디어젠,KOSDAQ,소프트웨어 개발 및 공급업,2019-11-05
322180,LS티라유텍,KOSDAQ,소프트웨어 개발 및 공급업,2019-10-31
333050,이노테나,KOSDAQ,소프트웨어 개발 및 공급업,2019-10-31
331520,밸로프,KOSDAQ,소프트웨어 개발 및 공급업,2019-10-29
317530,에피소드컴퍼니,KOSDAQ,영화  비디오물  방송프로그램 제작 및 배급업,2019-10-29
272110,케이엔제이,KOSDAQ,반도체 제조업,2019-10-25
317870,엔바이오니아,KOSDAQ,그외 기타 제품 제조업,2019-10-24
318010,팜스빌,KOSDAQ,기타 식품 제조업,2019-10-22
300120,라온피플,KOSDAQ,소프트웨어 개발 및 공급업,2019-10-18
158430,아톤,KOSDAQ,소프트웨어 개발 및 공급업,2019-10-17
234690,녹십자웰빙,KOSDAQ,의약품 제조업,2019-10-14
332290,누보,KOSDAQ,비료  농약 및 살균  살충제 제조업,2019-10-11
331380,포커스에이아이,KOSDAQ,영상 및 음향기기 제조업,2019-10-02
244460,올리패스,KOSDAQ,기초 의약물질 제조업,2019-09-20
317120,라닉스,KOSDAQ,반도체 제조업,2019-09-18
320000,한울반도체,KOSDAQ,특수 목적용 기계 제조업,2019-09-18
256150,한독크린텍,KOSDAQ,일반 목적용 기계 제조업,2019-09-05
311390,네오크레마,KOSDAQ,기타 식품 제조업,2019-08-22
195500,마니커에프앤지,KOSDAQ,도축  육류 가공 및 저장 처리업,2019-08-20
328380,솔트웨어,KOSDAQ,컴퓨터 프로그래밍  시스템 통합 및 관리업,2019-08-20
286750,나노실리칸첨단소재,KOSDAQ,기초 화학물질 제조업,2019-08-19
317830,에스피시스템스,KOSDAQ,특수 목적용 기계 제조업,2019-08-14
228670,레이,KOSDAQ,의료용 기기 제조업,2019-08-08
186230,그린플러스,KOSDAQ,1차 비철금속 제조업,2019-08-07
282880,코윈로보틱스,KOSDAQ,특수 목적용 기계 제조업,2019-08-05
317330,덕산테코피아,KOSDAQ,기타 화학제품 제조업,2019-08-02
318000,KBG,KOSDAQ,합성고무 및 플라스틱 물질 제조업,2019-08-01
317770,엑스페릭스,KOSDAQ,전자부품 제조업,2019-08-01
148150,세경하이테크,KOSDAQ,전자부품 제조업,2019-07-30
313760,캐리,KOSDAQ,전동기  발전기 및 전기 변환 · 공급 · 제어 장치 제조업,2019-07-25
317850,대모,KOSDAQ,특수 목적용 기계 제조업,2019-07-24
241840,에이스토리,KOSDAQ,영화  비디오물  방송프로그램 제작 및 배급업,2019-07-19
300080,플리토,KOSDAQ,자료처리  호스팅  포털 및 기타 인터넷 정보매개 서비스업,2019-07-17
234340,헥토파이낸셜,KOSDAQ,금융 지원 서비스업,2019-07-12
289010,아이스크림에듀,KOSDAQ,서적  잡지 및 기타 인쇄물 출판업,2019-07-11
251970,펌텍코리아,KOSDAQ,플라스틱제품 제조업,2019-07-04
312610,에이에프더블류,KOSDAQ,1차 비철금속 제조업,2019-07-01
323280,태성,KOSDAQ,특수 목적용 기계 제조업,2019-06-24
293780,압타바이오,KOSDAQ,자연과학 및 공학 연구개발업,2019-06-12
308100,형지글로벌,KOSDAQ,섬유  의복  신발 및 가죽제품 소매업,2019-06-10
305090,마이크로디지탈,KOSDAQ,의료용 기기 제조업,2019-06-05
322780,코퍼스코리아,KOSDAQ,영화  비디오물  방송프로그램 제작 및 배급업,2019-05-31
321260,프로이천,KOSDAQ,반도체 제조업,2019-05-31
253840,수젠텍,KOSDAQ,의료용품 및 기타 의약 관련제품 제조업,2019-05-28
307930,컴퍼니케이,KOSDAQ,기타 금융업,2019-05-23
319660,피에스케이,KOSDAQ,특수 목적용 기계 제조업,2019-05-10
319400,현대무벡스,KOSDAQ,일반 목적용 기계 제조업,2019-05-08
317240,TS트릴리온,KOSDAQ,기타 화학제품 제조업,2019-04-29
125210,아모그린텍,KOSDAQ,전자부품 제조업,2019-03-29
228760,지노믹트리,KOSDAQ,자연과학 및 공학 연구개발업,2019-03-27
099750,이지케어텍,KOSDAQ,소프트웨어 개발 및 공급업,2019-03-22
100790,미래에셋벤처투자,KOSDAQ,기타 금융업,2019-03-15
247540,에코프로비엠,KOSDAQ,일차전지 및 이차전지 제조업,2019-03-05
299660,셀리드,KOSDAQ,자연과학 및 공학 연구개발업,2019-02-20
278280,천보,KOSDAQ,기초 화학물질 제조업,2019-02-11
246960,SCL사이언스,KOSDAQ,의료용품 및 기타 의약 관련제품 제조업,2019-02-01
104620,노랑풍선,KOSDAQ,여행사 및 기타 여행보조 서비스업,2019-01-30
053580,웹케시,KOSDAQ,소프트웨어 개발 및 공급업,2019-01-25
238200,비피도,KOSDAQ,기타 식품 제조업,2018-12-26
263050,유틸렉스,KOSDAQ,기초 의약물질 제조업,2018-12-24
290550,디케이티,KOSDAQ,전자부품 제조업,2018-12-21
307180,아이엘,KOSDAQ,전구 및 조명장치 제조업,2018-12-21
310200,애니플러스,KOSDAQ,영화  비디오물  방송프로그램 제작 및 배급업,2018-12-21
310870,디와이씨,KOSDAQ,자동차 신품 부품 제조업,2018-12-20
309930,조이웍스앤코,KOSDAQ,기타 생활용품 소매업,2018-12-20
307750,국전,KOSDAQ,의약품 제조업,2018-12-19
298380,에이비엘바이오,KOSDAQ,기초 의약물질 제조업,2018-12-19
100590,머큐리,KOSDAQ,통신 및 방송 장비 제조업,2018-12-14
110020,전진바이오팜,KOSDAQ,기타 화학제품 제조업,2018-12-14
270870,뉴트리,KOSDAQ,기타 식품 제조업,2018-12-13
307870,비투엔,KOSDAQ,소프트웨어 개발 및 공급업,2018-12-12
302430,이노메트리,KOSDAQ,특수 목적용 기계 제조업,2018-12-12
290120,DH오토리드,KOSDAQ,자동차 신품 부품 제조업,2018-12-07
128540,에코캡,KOSDAQ,자동차 신품 부품 제조업,2018-12-05
307280,원바이오젠,KOSDAQ,의료용품 및 기타 의약 관련제품 제조업,2018-12-05
900340,윙입푸드,KOSDAQ,기타 금융업,2018-11-30
111710,남화산업,KOSDAQ,스포츠 서비스업,2018-11-29
179290,엠아이텍,KOSDAQ,의료용 기기 제조업,2018-11-29
117730,티로보틱스,KOSDAQ,특수 목적용 기계 제조업,2018-11-29
290660,다이나믹솔루션,KOSDAQ,의료용 기기 제조업,2018-11-28
246710,티앤알바이오팹,KOSDAQ,기초 의약물질 제조업,2018-11-28
263690,디알젬,KOSDAQ,의료용 기기 제조업,2018-11-22
217330,싸이토젠,KOSDAQ,자연과학 및 공학 연구개발업,2018-11-22
027360,아주IB투자,KOSDAQ,기타 금융업,2018-11-21
263020,디케이앤디,KOSDAQ,플라스틱제품 제조업,2018-11-20
194700,노바렉스,KOSDAQ,기타 식품 제조업,2018-11-14
290670,대보마그네틱,KOSDAQ,기타 전기장비 제조업,2018-11-06
285490,노바텍,KOSDAQ,그외 기타 제품 제조업,2018-11-02
290650,엘앤씨바이오,KOSDAQ,의약품 제조업,2018-11-01
306620,지아이에스,KOSDAQ,특수 목적용 기계 제조업,2018-10-31
108490,로보티즈,KOSDAQ,특수 목적용 기계 제조업,2018-10-26
153710,옵티팜,KOSDAQ,의료용품 및 기타 의약 관련제품 제조업,2018-10-26
288620,에스프리즘,KOSDAQ,전동기  발전기 및 전기 변환 · 공급 · 제어 장치 제조업,2018-10-15
293580,나우IB,KOSDAQ,기타 금융업,2018-10-04
290720,푸드나무,KOSDAQ,무점포 소매업,2018-10-04
110790,크리스에프앤씨,KOSDAQ,봉제의복 제조업,2018-10-01
299170,더블유에스아이,KOSDAQ,생활용품 도매업,2018-09-21
219750,한국비티비,KOSDAQ,의료용 기기 제조업,2018-09-21
291230,컴투스엔,KOSDAQ,기타 사업지원 서비스업,2018-09-13
257370,피엔티엠에스,KOSDAQ,특수 목적용 기계 제조업,2018-09-13
197140,디지캡,KOSDAQ,소프트웨어 개발 및 공급업,2018-09-07
303030,지니틱스,KOSDAQ,반도체 제조업,2018-08-30
290740,액트로,KOSDAQ,전자부품 제조업,2018-08-28
173130,오파스넷,KOSDAQ,컴퓨터 프로그래밍  시스템 통합 및 관리업,2018-08-24
089970,브이엠,KOSDAQ,특수 목적용 기계 제조업,2018-08-23
086820,바이오솔루션,KOSDAQ,기초 의약물질 제조업,2018-08-20
110990,디아이티,KOSDAQ,특수 목적용 기계 제조업,2018-08-07
275630,에스에스알,KOSDAQ,소프트웨어 개발 및 공급업,2018-08-06
290270,휴네시온,KOSDAQ,소프트웨어 개발 및 공급업,2018-08-02
080720,한국유니온제약,KOSDAQ,의약품 제조업,2018-07-26
204020,그리티,KOSDAQ,봉제의복 제조업,2018-07-23
297570,아틀라스링크,KOSDAQ,통신 및 방송 장비 제조업,2018-07-20
226950,올릭스,KOSDAQ,자연과학 및 공학 연구개발업,2018-07-18
175250,아이큐어,KOSDAQ,기타 화학제품 제조업,2018-07-12
289080,SV인베스트먼트,KOSDAQ,기타 금융업,2018-07-06
245620,EDGC,KOSDAQ,자연과학 및 공학 연구개발업,2018-06-26
284620,카이노스메드,KOSDAQ,자연과학 및 공학 연구개발업,2018-06-08
037030,파워넷,KOSDAQ,전동기  발전기 및 전기 변환 · 공급 · 제어 장치 제조업,2018-06-07
016790,현대사료,KOSDAQ,동물용 사료 및 조제식품 제조업,2018-06-01
258830,세종메디칼,KOSDAQ,의료용 기기 제조업,2018-05-29
122310,제노레이,KOSDAQ,의료용 기기 제조업,2018-05-28
950170,JTC,KOSDAQ,종합 소매업,2018-04-06
253590,네오셈,KOSDAQ,특수 목적용 기계 제조업,2018-04-04
263700,케어랩스,KOSDAQ,광고업,2018-03-28
277070,린드먼아시아,KOSDAQ,신탁업 및 집합투자업,2018-03-14
226400,오스테오닉,KOSDAQ,의료용 기기 제조업,2018-02-22
183490,엔지켐생명과학,KOSDAQ,기초 의약물질 제조업,2018-02-21
006620,동구바이오제약,KOSDAQ,의약품 제조업,2018-02-13
154030,아시아종묘,KOSDAQ,작물 재배업,2018-02-12
260660,알리코제약,KOSDAQ,의료용품 및 기타 의약 관련제품 제조업,2018-02-12
042000,카페24,KOSDAQ,자료처리  호스팅  포털 및 기타 인터넷 정보매개 서비스업,2018-02-08
219420,링크제니시스,KOSDAQ,소프트웨어 개발 및 공급업,2018-02-05
267790,배럴,KOSDAQ,봉제의복 제조업,2018-02-01
255220,SG,KOSDAQ,기타 비금속 광물제품 제조업,2018-01-26
264660,씨앤지하이테크,KOSDAQ,특수 목적용 기계 제조업,2018-01-25
187870,디바이스,KOSDAQ,특수 목적용 기계 제조업,2017-12-20
281740,레이크머티리얼즈,KOSDAQ,기타 화학제품 제조업,2017-12-12
260930,씨티케이,KOSDAQ,기타 화학제품 제조업,2017-12-07
241770,메카로,KOSDAQ,반도체 제조업,2017-12-06
234300,에스트래픽,KOSDAQ,컴퓨터 프로그래밍  시스템 통합 및 관리업,2017-12-05
066360,체리부로,KOSDAQ,도축  육류 가공 및 저장 처리업,2017-12-04
007680,대원,KOSDAQ,건물 건설업,2017-12-01
253450,스튜디오드래곤,KOSDAQ,영화  비디오물  방송프로그램 제작 및 배급업,2017-11-24
950160,코오롱티슈진,KOSDAQ,기초 의약물질 제조업,2017-11-06
265560,영화테크,KOSDAQ,자동차 신품 부품 제조업,2017-10-26
234100,폴라리스세원,KOSDAQ,자동차 신품 부품 제조업,2017-10-20
263810,상신전자,KOSDAQ,전자부품 제조업,2017-10-16
255440,야스,KOSDAQ,특수 목적용 기계 제조업,2017-09-29
277410,인산가,KOSDAQ,기타 식품 제조업,2017-09-29
263920,휴엠앤씨,KOSDAQ,그외 기타 제품 제조업,2017-09-28
243840,신흥에스이씨,KOSDAQ,일차전지 및 이차전지 제조업,2017-09-27
179900,유티아이,KOSDAQ,전자부품 제조업,2017-09-27
171090,선익시스템,KOSDAQ,특수 목적용 기계 제조업,2017-09-20
259630,엠플러스,KOSDAQ,특수 목적용 기계 제조업,2017-09-20
174900,앱클론,KOSDAQ,의료용품 및 기타 의약 관련제품 제조업,2017-09-18
263750,펄어비스,KOSDAQ,소프트웨어 개발 및 공급업,2017-09-14
256940,킵스파마,KOSDAQ,의약품 제조업,2017-09-06
263600,덕우전자,KOSDAQ,전자부품 제조업,2017-08-28
270520,앱튼,KOSDAQ,건축기술  엔지니어링 및 관련 기술 서비스업,2017-08-22
258610,케일럼,KOSDAQ,구조용 금속제품  탱크 및 증기발생기 제조업,2017-08-22
140670,알에스오토메이션,KOSDAQ,전자부품 제조업,2017-08-11
900310,컬러레이,KOSDAQ,기타 금융업,2017-08-10
273060,와이즈버즈,KOSDAQ,광고업,2017-08-07
118990,모트렉스,KOSDAQ,자동차 신품 부품 제조업,2017-08-04
263800,데이타솔루션,KOSDAQ,기계장비 및 관련 물품 도매업,2017-08-03
263860,지니언스,KOSDAQ,소프트웨어 개발 및 공급업,2017-08-02
263720,디앤씨미디어,KOSDAQ,서적  잡지 및 기타 인쇄물 출판업,2017-08-01
238490,힘스,KOSDAQ,특수 목적용 기계 제조업,2017-07-20
251630,브이원텍,KOSDAQ,특수 목적용 기계 제조업,2017-07-13
227610,아우딘퓨쳐스,KOSDAQ,기타 화학제품 제조업,2017-07-12
272290,이녹스첨단소재,KOSDAQ,전자부품 제조업,2017-07-10
003380,하림지주,KOSDAQ,기타 금융업,2017-06-30
261200,덴티스,KOSDAQ,의료용 기기 제조업,2017-06-26
267320,나인테크,KOSDAQ,특수 목적용 기계 제조업,2017-06-22
250000,보라티알,KOSDAQ,음·식료품 및 담배 도매업,2017-06-08
267980,매일유업,KOSDAQ,동·식물성 유지 및 낙농제품 제조업,2017-06-05
225190,LK삼양,KOSDAQ,사진장비 및 광학기기 제조업,2017-06-02
264850,이랜시스,KOSDAQ,전자부품 제조업,2017-06-01
161580,필옵틱스,KOSDAQ,특수 목적용 기계 제조업,2017-06-01
256630,포인트엔지니어링,KOSDAQ,기타 금속 가공제품 제조업,2017-05-02
166090,하나머티리얼즈,KOSDAQ,반도체 제조업,2017-04-28
258790,소프트캠프,KOSDAQ,소프트웨어 개발 및 공급업,2017-04-27
251370,와이엠티,KOSDAQ,기초 화학물질 제조업,2017-04-27
265520,AP시스템,KOSDAQ,특수 목적용 기계 제조업,2017-04-07
263770,유에스티,KOSDAQ,1차 철강 제조업,2017-04-06
063760,이엘피,KOSDAQ,측정  시험  항해  제어 및 기타 정밀기기 제조업; 광학기기 제외,2017-04-06
264450,유비쿼스,KOSDAQ,통신 및 방송 장비 제조업,2017-03-31
178320,서진시스템,KOSDAQ,기타 전기장비 제조업,2017-03-27
183300,코미코,KOSDAQ,특수 목적용 기계 제조업,2017-03-23
246720,아스타,KOSDAQ,의료용품 및 기타 의약 관련제품 제조업,2017-03-20
217480,에스디생명공학,KOSDAQ,기타 화학제품 제조업,2017-03-02
002800,신신제약,KOSDAQ,의약품 제조업,2017-02-28
083500,에프엔에스테크,KOSDAQ,특수 목적용 기계 제조업,2017-02-27
087260,모바일어플라이언스,KOSDAQ,소프트웨어 개발 및 공급업,2017-02-24
241820,피씨엘,KOSDAQ,의료용품 및 기타 의약 관련제품 제조업,2017-02-23
140070,서플러스글로벌,KOSDAQ,기계장비 및 관련 물품 도매업,2017-01-25
206650,유바이오로직스,KOSDAQ,의약품 제조업,2017-01-24
256840,한국비엔씨,KOSDAQ,기초 의약물질 제조업,2016-12-28
241520,DSC인베스트먼트,KOSDAQ,신탁업 및 집합투자업,2016-12-19
246690,TS인베스트먼트,KOSDAQ,신탁업 및 집합투자업,2016-12-15
147760,피엠티,KOSDAQ,측정  시험  항해  제어 및 기타 정밀기기 제조업; 광학기기 제외,2016-12-12
196300,HLB펩,KOSDAQ,기초 의약물질 제조업,2016-12-07
203450,유니온바이오메트릭스,KOSDAQ,통신 및 방송 장비 제조업,2016-12-07
215600,신라젠,KOSDAQ,자연과학 및 공학 연구개발업,2016-12-06
254120,자비스,KOSDAQ,특수 목적용 기계 제조업,2016-12-02
241790,티이엠씨씨엔에스,KOSDAQ,특수 목적용 기계 제조업,2016-12-01
220100,퓨쳐켐,KOSDAQ,의약품 제조업,2016-12-01
144960,뉴파워프라즈마,KOSDAQ,특수 목적용 기계 제조업,2016-11-30
156100,엘앤케이바이오,KOSDAQ,의료용 기기 제조업,2016-11-30
220180,폴라리스AI핸디,KOSDAQ,소프트웨어 개발 및 공급업,2016-11-24
237880,클리오,KOSDAQ,기타 화학제품 제조업,2016-11-09
900300,오가닉티코스메틱,KOSDAQ,기타 금융업,2016-11-04
238120,얼라인드,KOSDAQ,사진장비 및 광학기기 제조업,2016-11-03
252500,세화피앤씨,KOSDAQ,기타 화학제품 제조업,2016-11-02
216050,인크로스,KOSDAQ,광고업,2016-10-31
239610,에이치엘사이언스,KOSDAQ,기타 식품 제조업,2016-10-28
241710,코스메카코리아,KOSDAQ,기타 화학제품 제조업,2016-10-28
900290,GRT,KOSDAQ,기타 금융업,2016-10-25
189300,인텔리안테크,KOSDAQ,통신 및 방송 장비 제조업,2016-10-18
072990,에이치시티,KOSDAQ,기타 과학기술 서비스업,2016-10-17
950140,잉글우드랩,KOSDAQ,기타 화학제품 제조업,2016-10-14
238090,앤디포스,KOSDAQ,플라스틱제품 제조업,2016-10-12
050960,수산아이앤티,KOSDAQ,소프트웨어 개발 및 공급업,2016-10-11
201490,미투온,KOSDAQ,소프트웨어 개발 및 공급업,2016-10-10
250930,예선테크,KOSDAQ,플라스틱제품 제조업,2016-09-29
241690,유니테크노,KOSDAQ,자동차 신품 부품 제조업,2016-09-20
250060,모비스,KOSDAQ,컴퓨터 프로그래밍  시스템 통합 및 관리업,2016-09-08
242040,나무AX,KOSDAQ,소프트웨어 개발 및 공급업,2016-09-07
234920,자이글,KOSDAQ,가정용 기기 제조업,2016-09-06
900270,헝셩그룹,KOSDAQ,기타 금융업,2016-08-18
208860,다산디엠씨,KOSDAQ,소프트웨어 개발 및 공급업,2016-07-28
073560,우리손에프앤지,KOSDAQ,도축  육류 가공 및 저장 처리업,2016-07-27
123010,MSDI,KOSDAQ,전자부품 제조업,2016-07-20
142760,모아라이프플러스,KOSDAQ,자연과학 및 공학 연구개발업,2016-07-07
237750,피앤씨테크,KOSDAQ,전동기  발전기 및 전기 변환 · 공급 · 제어 장치 제조업,2016-07-04
900260,로스웰,KOSDAQ,기타 금융업,2016-06-30
237690,에스티팜,KOSDAQ,의약품 제조업,2016-06-23
144510,지씨셀,KOSDAQ,그외 기타 전문  과학 및 기술 서비스업,2016-06-23
148250,알엔투테크놀로지,KOSDAQ,전자부품 제조업,2016-06-22
239340,이스트에이드,KOSDAQ,자료처리  호스팅  포털 및 기타 인터넷 정보매개 서비스업,2016-06-09
243070,휴온스,KOSDAQ,의약품 제조업,2016-06-03
240810,원익IPS,KOSDAQ,특수 목적용 기계 제조업,2016-05-02
228850,레이언스,KOSDAQ,의료용 기기 제조업,2016-04-11
228340,동양파일,KOSDAQ,시멘트  석회  플라스터 및 그 제품 제조업,2016-04-06
222110,팬젠,KOSDAQ,의약품 제조업,2016-03-11
211270,AP위성,KOSDAQ,통신 및 방송 장비 제조업,2016-03-04
115180,큐리언트,KOSDAQ,자연과학 및 공학 연구개발업,2016-02-29
065660,안트로젠,KOSDAQ,기타 전문 도매업,2016-02-15
236200,슈프리마,KOSDAQ,통신 및 방송 장비 제조업,2016-02-05
142210,유니트론텍,KOSDAQ,자동차 부품 및 내장품 판매업,2016-02-02
900250,크리스탈신소재,KOSDAQ,기타 금융업,2016-01-28
224060,더코디,KOSDAQ,전자부품 제조업,2015-12-29
109610,에스와이,KOSDAQ,구조용 금속제품  탱크 및 증기발생기 제조업,2015-12-29
223310,사토시홀딩스,KOSDAQ,상품 종합 도매업,2015-12-24
232140,와이씨,KOSDAQ,특수 목적용 기계 제조업,2015-12-24
191410,육일씨엔에쓰,KOSDAQ,전자부품 제조업,2015-12-24
145020,휴젤,KOSDAQ,기초 의약물질 제조업,2015-12-24
222980,한국맥널티,KOSDAQ,기타 식품 제조업,2015-12-23
206560,덱스터,KOSDAQ,영화  비디오물  방송프로그램 제작 및 배급업,2015-12-22
013310,아진산업,KOSDAQ,자동차 신품 부품 제조업,2015-12-22
047920,HLB제약,KOSDAQ,자연과학 및 공학 연구개발업,2015-12-21
217730,강스템바이오텍,KOSDAQ,기초 의약물질 제조업,2015-12-21
133750,메가엠디,KOSDAQ,일반 교습 학원,2015-12-18
225530,HC보광산업,KOSDAQ,기타 비금속 광물제품 제조업,2015-12-17
140860,파크시스템스,KOSDAQ,측정  시험  항해  제어 및 기타 정밀기기 제조업; 광학기기 제외,2015-12-17
230240,에치에프알,KOSDAQ,통신 및 방송 장비 제조업,2015-12-16
122640,예스티,KOSDAQ,특수 목적용 기계 제조업,2015-12-16
222040,코스맥스엔비티,KOSDAQ,기타 식품 제조업,2015-12-16
058110,멕아이씨에스,KOSDAQ,의료용 기기 제조업,2015-12-14
217820,원익피앤이,KOSDAQ,특수 목적용 기계 제조업,2015-12-07
221840,하이즈항공,KOSDAQ,항공기 우주선 및 부품 제조업,2015-11-25
180400,DXVX,KOSDAQ,기타 과학기술 서비스업,2015-11-20
221980,케이디켐,KOSDAQ,기타 화학제품 제조업,2015-11-19
212560,네오오토,KOSDAQ,자동차 신품 부품 제조업,2015-11-18
227950,엔투텍,KOSDAQ,특수 목적용 기계 제조업,2015-11-18
214370,케어젠,KOSDAQ,기초 의약물질 제조업,2015-11-17
185490,아이진,KOSDAQ,자연과학 및 공학 연구개발업,2015-11-16
190510,나무가,KOSDAQ,전자부품 제조업,2015-11-12
056090,시지메드텍,KOSDAQ,의료용 기기 제조업,2015-11-12
226340,본느,KOSDAQ,기타 화학제품 제조업,2015-11-05
182400,엔케이젠바이오텍코리아,KOSDAQ,기초 의약물질 제조업,2015-10-23
092870,엑시콘,KOSDAQ,특수 목적용 기계 제조업,2015-10-22
225430,케이엠제약,KOSDAQ,기타 화학제품 제조업,2015-10-08
225590,패션플랫폼,KOSDAQ,봉제의복 제조업,2015-10-05
225570,넥슨게임즈,KOSDAQ,소프트웨어 개발 및 공급업,2015-09-25
217190,제너셈,KOSDAQ,특수 목적용 기계 제조업,2015-09-25
219130,타이거일렉,KOSDAQ,전자부품 제조업,2015-09-25
175140,아고스,KOSDAQ,통신 및 방송 장비 제조업,2015-09-23
222080,SFA넥셀,KOSDAQ,특수 목적용 기계 제조업,2015-09-02
224110,에이텍모빌리티,KOSDAQ,통신 및 방송 장비 제조업,2015-08-25
196700,웹스,KOSDAQ,합성고무 및 플라스틱 물질 제조업,2015-08-24
131760,파인텍,KOSDAQ,특수 목적용 기계 제조업,2015-08-17
222800,심텍,KOSDAQ,전자부품 제조업,2015-08-07
189980,흥국에프엔비,KOSDAQ,비알코올음료 및 얼음 제조업,2015-08-07
222420,쎄노텍,KOSDAQ,기타 비금속 광물제품 제조업,2015-08-06
094360,칩스앤미디어,KOSDAQ,반도체 제조업,2015-08-05
127710,아시아경제,KOSDAQ,자료처리  호스팅  포털 및 기타 인터넷 정보매개 서비스업,2015-07-31
214430,아이쓰리시스템,KOSDAQ,전자부품 제조업,2015-07-30
067730,로지시스,KOSDAQ,컴퓨터 프로그래밍  시스템 통합 및 관리업,2015-07-29
220260,켐트로스,KOSDAQ,기타 화학제품 제조업,2015-07-27
214450,파마리서치,KOSDAQ,의료용품 및 기타 의약 관련제품 제조업,2015-07-24
219550,디와이디,KOSDAQ,생활용품 도매업,2015-07-22
087010,펩트론,KOSDAQ,기초 의약물질 제조업,2015-07-22
218410,RFHIC,KOSDAQ,통신 및 방송 장비 제조업,2015-06-30
094170,동운아나텍,KOSDAQ,반도체 제조업,2015-06-30
178780,일월지엠엘,KOSDAQ,상품 종합 도매업,2015-06-30
214180,헥토이노베이션,KOSDAQ,기타 정보 서비스업,2015-06-30
166480,코아스템켐온,KOSDAQ,의약품 제조업,2015-06-26
177350,베셀,KOSDAQ,플라스틱제품 제조업,2015-06-19
217270,넵튠,KOSDAQ,소프트웨어 개발 및 공급업,2015-06-18
218150,미래생명자원,KOSDAQ,동물용 사료 및 조제식품 제조업,2015-06-18
160980,싸이맥스,KOSDAQ,특수 목적용 기계 제조업,2015-06-17
217500,러셀,KOSDAQ,특수 목적용 기계 제조업,2015-06-16
087600,픽셀플러스,KOSDAQ,전자부품 제조업,2015-06-12
187420,HLB제넥스,KOSDAQ,기초 의약물질 제조업,2015-05-29
215380,콜마바이오텍,KOSDAQ,자연과학 및 공학 연구개발업,2015-05-18
215480,토박스코리아,KOSDAQ,섬유  의복  신발 및 가죽제품 소매업,2015-05-13
215790,이노인스트루먼트,KOSDAQ,통신 및 방송 장비 제조업,2015-05-08
215360,우리산업,KOSDAQ,자동차 신품 부품 제조업,2015-05-06
215200,메가스터디교육,KOSDAQ,일반 교습 학원,2015-05-04
215090,솔디펜스,KOSDAQ,측정  시험  항해  제어 및 기타 정밀기기 제조업; 광학기기 제외,2015-04-28
215100,로보로보,KOSDAQ,기타 전기장비 제조업,2015-04-22
214680,디알텍,KOSDAQ,의료용 기기 제조업,2015-04-20
195990,루트K,KOSDAQ,특수 목적용 기계 제조업,2015-04-13
215000,골프존,KOSDAQ,소프트웨어 개발 및 공급업,2015-04-03
214150,클래시스,KOSDAQ,의료용 기기 제조업,2015-04-03
214270,FSN,KOSDAQ,소프트웨어 개발 및 공급업,2015-03-25
189690,포시에스,KOSDAQ,소프트웨어 개발 및 공급업,2015-02-11
213420,덕산네오룩스,KOSDAQ,전자부품 제조업,2015-02-06
060480,국일신동,KOSDAQ,1차 비철금속 제조업,2014-12-29
193250,링크드,KOSDAQ,전자부품 제조업,2014-12-29
206640,바디텍메드,KOSDAQ,의료용품 및 기타 의약 관련제품 제조업,2014-12-29
208640,썸에이지,KOSDAQ,소프트웨어 개발 및 공급업,2014-12-29
200470,에이팩트,KOSDAQ,반도체 제조업,2014-12-26
200670,휴메딕스,KOSDAQ,의약품 제조업,2014-12-26
189860,서전기전,KOSDAQ,전동기  발전기 및 전기 변환 · 공급 · 제어 장치 제조업,2014-12-24
067390,아스트,KOSDAQ,항공기 우주선 및 부품 제조업,2014-12-24
080580,오킨스전자,KOSDAQ,전자부품 제조업,2014-12-24
208350,지란지교시큐리티,KOSDAQ,소프트웨어 개발 및 공급업,2014-12-24
208710,포톤,KOSDAQ,전자부품 제조업,2014-12-24
160550,NEW,KOSDAQ,영화  비디오물  방송프로그램 제작 및 배급업,2014-12-23
124500,아이티센글로벌,KOSDAQ,컴퓨터 프로그래밍  시스템 통합 및 관리업,2014-12-23
142280,녹십자엠에스,KOSDAQ,의료용품 및 기타 의약 관련제품 제조업,2014-12-17
187220,디티앤씨,KOSDAQ,기타 과학기술 서비스업,2014-12-17
208370,셀바스헬스케어,KOSDAQ,의료용 기기 제조업,2014-12-17
208140,정다운,KOSDAQ,도축  육류 가공 및 저장 처리업,2014-12-17
149980,하이로닉,KOSDAQ,의료용 기기 제조업,2014-12-17
084650,랩지노믹스,KOSDAQ,자연과학 및 공학 연구개발업,2014-12-16
200710,에이디테크놀로지,KOSDAQ,반도체 제조업,2014-12-16
200780,비씨월드제약,KOSDAQ,의약품 제조업,2014-12-15
207760,미스터블루,KOSDAQ,기타 정보 서비스업,2014-12-12
196170,알테오젠,KOSDAQ,자연과학 및 공학 연구개발업,2014-12-12
206400,베노티앤알,KOSDAQ,실내건축 및 건축마무리 공사업,2014-12-10
140520,대창스틸,KOSDAQ,1차 철강 제조업,2014-12-05
173940,에프엔씨엔터,KOSDAQ,창작 및 예술관련 서비스업,2014-12-04
205470,휴마시스,KOSDAQ,의료용품 및 기타 의약 관련제품 제조업,2014-12-01
200230,텔콘RF제약,KOSDAQ,의약품 제조업,2014-11-24
204840,지엘팜텍,KOSDAQ,생활용품 도매업,2014-11-20
204620,글로벌텍스프리,KOSDAQ,금융 지원 서비스업,2014-11-19
196490,디에이테크놀로지,KOSDAQ,특수 목적용 기계 제조업,2014-11-19
205500,넥써쓰,KOSDAQ,소프트웨어 개발 및 공급업,2014-11-12
205100,엑셈,KOSDAQ,소프트웨어 개발 및 공급업,2014-11-07
191420,테고사이언스,KOSDAQ,기초 의약물질 제조업,2014-11-06
192440,슈피겐코리아,KOSDAQ,그외 기타 제품 제조업,2014-11-05
143540,영우디에스피,KOSDAQ,특수 목적용 기계 제조업,2014-10-29
203650,드림시큐리티,KOSDAQ,소프트웨어 개발 및 공급업,2014-10-13
041920,메디아나,KOSDAQ,의료용 기기 제조업,2014-10-07
194480,데브시스터즈,KOSDAQ,소프트웨어 개발 및 공급업,2014-10-06
192410,오늘이엔엠,KOSDAQ,통신 및 방송 장비 제조업,2014-08-14
198440,강동씨앤엘,KOSDAQ,시멘트  석회  플라스터 및 그 제품 제조업,2014-08-13
187270,신화콘텍,KOSDAQ,전동기  발전기 및 전기 변환 · 공급 · 제어 장치 제조업,2014-08-08
177830,파버나인,KOSDAQ,전자부품 제조업,2014-08-04
090410,덕신이피씨,KOSDAQ,구조용 금속제품  탱크 및 증기발생기 제조업,2014-08-01
004650,창해에탄올,KOSDAQ,알코올음료 제조업,2014-07-30
192390,윈하이텍,KOSDAQ,구조용 금속제품  탱크 및 증기발생기 제조업,2014-07-25
059120,아진엑스텍,KOSDAQ,반도체 제조업,2014-07-24
200130,콜마비앤에이치,KOSDAQ,기초 의약물질 제조업,2014-07-23
105550,엣지파운드리,KOSDAQ,전자부품 제조업,2014-07-11
196450,코아시아씨엠,KOSDAQ,사진장비 및 광학기기 제조업,2014-06-02
071850,캐스텍코리아,KOSDAQ,자동차 신품 부품 제조업,2014-05-27
187790,나노,KOSDAQ,기초 화학물질 제조업,2014-05-08
192250,케이사인,KOSDAQ,소프트웨어 개발 및 공급업,2014-04-28
138080,오이솔루션,KOSDAQ,통신 및 방송 장비 제조업,2014-02-27
053300,한국정보인증,KOSDAQ,소프트웨어 개발 및 공급업,2014-02-04
154040,다산솔루에타,KOSDAQ,전자부품 제조업,2013-12-27
090850,현대이지웰,KOSDAQ,소프트웨어 개발 및 공급업,2013-12-27
184230,SGA솔루션즈,KOSDAQ,소프트웨어 개발 및 공급업,2013-12-20
049080,기가레인,KOSDAQ,전자부품 제조업,2013-12-19
085810,알티캐스트,KOSDAQ,소프트웨어 개발 및 공급업,2013-12-06
170030,현대공업,KOSDAQ,자동차 신품 부품 제조업,2013-12-04
067570,엔브이에이치코리아,KOSDAQ,자동차 신품 부품 제조업,2013-12-03
134580,탑코미디어,KOSDAQ,자료처리  호스팅  포털 및 기타 인터넷 정보매개 서비스업,2013-11-26
182360,큐브엔터,KOSDAQ,오디오물 출판 및 원판 녹음업,2013-11-21
171120,라이온켐텍,KOSDAQ,기타 화학제품 제조업,2013-11-19
171010,램테크놀러지,KOSDAQ,기초 화학물질 제조업,2013-11-18
138360,앤로보틱스,KOSDAQ,특수 목적용 기계 제조업,2013-11-08
076610,해성옵틱스,KOSDAQ,사진장비 및 광학기기 제조업,2013-11-06
168330,내츄럴엔도텍,KOSDAQ,자연과학 및 공학 연구개발업,2013-10-31
131970,두산테스나,KOSDAQ,그외 기타 전문  과학 및 기술 서비스업,2013-10-22
150900,파수AI,KOSDAQ,소프트웨어 개발 및 공급업,2013-10-18
170920,엘티씨,KOSDAQ,기초 화학물질 제조업,2013-10-08
119850,지엔씨에너지,KOSDAQ,전동기  발전기 및 전기 변환 · 공급 · 제어 장치 제조업,2013-10-02
092040,아미코젠,KOSDAQ,기타 식품 제조업,2013-09-12
130500,GH신소재,KOSDAQ,기타 섬유제품 제조업,2013-08-02
170790,파이오링크,KOSDAQ,통신 및 방송 장비 제조업,2013-08-01
151860,KG에코솔루션,KOSDAQ,자동차 차체나 트레일러 제조업,2013-07-24
089600,KT나스미디어,KOSDAQ,광고업,2013-07-17
950130,엑세스바이오,KOSDAQ,의료용품 및 기타 의약 관련제품 제조업,2013-05-30
141080,리가켐바이오,KOSDAQ,자연과학 및 공학 연구개발업,2013-05-10
097800,윈팩,KOSDAQ,반도체 제조업,2013-03-07
104540,코렌텍,KOSDAQ,의료용 기기 제조업,2013-03-05
159580,제로투세븐,KOSDAQ,생활용품 도매업,2013-02-19
114810,한솔아이원스,KOSDAQ,특수 목적용 기계 제조업,2013-02-07
153490,우리이앤엘하루틴,KOSDAQ,반도체 제조업,2013-02-05
099190,아이센스,KOSDAQ,의료용 기기 제조업,2013-01-30
159910,에코글로우,KOSDAQ,기타 화학제품 제조업,2012-12-27
046970,우리로,KOSDAQ,기타 전문 도매업,2012-11-27
113810,디젠스,KOSDAQ,자동차 신품 부품 제조업,2012-11-22
155650,와이엠씨,KOSDAQ,전자부품 제조업,2012-11-15
149950,아바텍,KOSDAQ,전자부품 제조업,2012-11-06
153460,네이블,KOSDAQ,소프트웨어 개발 및 공급업,2012-07-19
137400,피엔티,KOSDAQ,특수 목적용 기계 제조업,2012-07-06
141000,비아트론,KOSDAQ,특수 목적용 기계 제조업,2012-05-04
072950,빛샘전자,KOSDAQ,전자부품 제조업,2012-03-21
143240,사람인,KOSDAQ,자료처리  호스팅  포털 및 기타 인터넷 정보매개 서비스업,2012-02-21
147830,제룡산업,KOSDAQ,구조용 금속제품  탱크 및 증기발생기 제조업,2012-02-13
091590,남화토건,KOSDAQ,건물 건설업,2012-01-31
140410,메지온,KOSDAQ,자연과학 및 공학 연구개발업,2012-01-20
104830,원익머트리얼즈,KOSDAQ,기초 화학물질 제조업,2011-12-28
127120,제이에스링크,KOSDAQ,자연과학 및 공학 연구개발업,2011-12-26
130580,나이스디앤비,KOSDAQ,기타 사업지원 서비스업,2011-12-22
131090,시큐브,KOSDAQ,소프트웨어 개발 및 공급업,2011-12-21
100660,서암기계공업,KOSDAQ,일반 목적용 기계 제조업,2011-12-19
115480,씨유메디칼,KOSDAQ,의료용 기기 제조업,2011-12-15
139670,키네마스터,KOSDAQ,소프트웨어 개발 및 공급업,2011-12-02
121800,비덴트,KOSDAQ,통신 및 방송 장비 제조업,2011-12-01
138070,신진에스엠,KOSDAQ,기타 금속 가공제품 제조업,2011-11-28
123570,이엠넷,KOSDAQ,광고업,2011-11-25
122870,와이지엔터테인먼트,KOSDAQ,오디오물 출판 및 원판 녹음업,2011-11-23
089030,테크윙,KOSDAQ,특수 목적용 기계 제조업,2011-11-10
101240,씨큐브,KOSDAQ,기초 화학물질 제조업,2011-11-08
007820,엠엑스로보틱스,KOSDAQ,일반 목적용 기계 제조업,2011-11-08
115530,씨엔플러스,KOSDAQ,전자부품 제조업,2011-11-02
090360,로보스타,KOSDAQ,특수 목적용 기계 제조업,2011-10-17
131220,대한과학,KOSDAQ,기계장비 및 관련 물품 도매업,2011-10-11
143160,아이디스,KOSDAQ,통신 및 방송 장비 제조업,2011-09-26
137950,제이씨케미칼,KOSDAQ,기타 화학제품 제조업,2011-08-08
040910,아이씨디,KOSDAQ,특수 목적용 기계 제조업,2011-08-05
123330,제닉,KOSDAQ,기타 화학제품 제조업,2011-08-03
089980,상아프론테크,KOSDAQ,플라스틱제품 제조업,2011-07-21
138610,나이벡,KOSDAQ,의료용품 및 기타 의약 관련제품 제조업,2011-07-13
109080,옵티시스,KOSDAQ,통신 및 방송 장비 제조업,2011-07-12
108380,대양전기공업,KOSDAQ,선박 및 보트 건조업,2011-07-08
019770,서연탑메탈,KOSDAQ,특수 목적용 기계 제조업,2011-06-24
137940,넥스트아이,KOSDAQ,측정  시험  항해  제어 및 기타 정밀기기 제조업; 광학기기 제외,2011-06-14
131100,티엔엔터테인먼트,KOSDAQ,영화  비디오물  방송프로그램 제작 및 배급업,2011-06-14
122450,KX,KOSDAQ,텔레비전 방송업,2011-05-25
121440,골프존홀딩스,KOSDAQ,상품 중개업,2011-05-20
136540,윈스테크넷,KOSDAQ,컴퓨터 프로그래밍  시스템 통합 및 관리업,2011-05-02
136480,하림,KOSDAQ,도축  육류 가공 및 저장 처리업,2011-05-02
134060,이퓨쳐,KOSDAQ,서적  잡지 및 기타 인쇄물 출판업,2011-04-27
104480,티케이케미칼,KOSDAQ,화학섬유 제조업,2011-04-26
008470,부스타,KOSDAQ,구조용 금속제품  탱크 및 증기발생기 제조업,2011-02-23
121600,나노신소재,KOSDAQ,기타 화학제품 제조업,2011-02-09
093320,케이아이엔엑스,KOSDAQ,자료처리  호스팅  포털 및 기타 인터넷 정보매개 서비스업,2011-02-08
130740,티피씨글로벌,KOSDAQ,자동차 신품 부품 제조업,2011-02-08
061970,LB세미콘,KOSDAQ,반도체 제조업,2011-01-31
131180,딜리,KOSDAQ,컴퓨터 및 주변장치 제조업,2011-01-31
126880,제이엔케이글로벌,KOSDAQ,일반 목적용 기계 제조업,2011-01-31
033560,블루콤,KOSDAQ,영상 및 음향기기 제조업,2011-01-26
048530,인트론바이오,KOSDAQ,기초 의약물질 제조업,2011-01-26
131370,알서포트,KOSDAQ,소프트웨어 개발 및 공급업,2011-01-05
064290,인텍플러스,KOSDAQ,특수 목적용 기계 제조업,2011-01-05
131290,티에스이,KOSDAQ,측정  시험  항해  제어 및 기타 정밀기기 제조업; 광학기기 제외,2011-01-05
131400,이브이첨단소재,KOSDAQ,전자부품 제조업,2010-12-27
120240,대정화금,KOSDAQ,기초 화학물질 제조업,2010-12-20
128660,피제이메탈,KOSDAQ,1차 비철금속 제조업,2010-12-13
131030,옵투스제약,KOSDAQ,의약품 제조업,2010-12-03
096690,에이루트,KOSDAQ,컴퓨터 및 주변장치 제조업,2010-12-01
033830,티비씨,KOSDAQ,텔레비전 방송업,2010-11-29
033170,시그네틱스,KOSDAQ,반도체 제조업,2010-11-26
041460,한국전자인증,KOSDAQ,소프트웨어 개발 및 공급업,2010-11-19
126600,BGF에코머티리얼즈,KOSDAQ,합성고무 및 플라스틱 물질 제조업,2010-11-12
105740,디케이락,KOSDAQ,일반 목적용 기계 제조업,2010-11-12
123420,위메이드플레이,KOSDAQ,소프트웨어 개발 및 공급업,2010-11-10
123860,아나패스,KOSDAQ,반도체 제조업,2010-11-05
058400,KNN,KOSDAQ,텔레비전 방송업,2010-11-03
069140,누리플랜,KOSDAQ,구조용 금속제품  탱크 및 증기발생기 제조업,2010-10-26
119830,아이텍,KOSDAQ,그외 기타 전문  과학 및 기술 서비스업,2010-10-26
101930,인화정공,KOSDAQ,선박 및 보트 건조업,2010-10-22
068940,셀피글로벌,KOSDAQ,전자부품 제조업,2010-10-19
123840,뉴온,KOSDAQ,기타 식품 제조업,2010-10-05
117670,알파칩스,KOSDAQ,반도체 제조업,2010-09-17
119500,포메탈,KOSDAQ,기타 금속 가공제품 제조업,2010-09-17
068240,다원시스,KOSDAQ,전동기  발전기 및 전기 변환 · 공급 · 제어 장치 제조업,2010-09-14
096530,씨젠,KOSDAQ,의료용품 및 기타 의약 관련제품 제조업,2010-09-10
122990,와이솔,KOSDAQ,전자부품 제조업,2010-09-10
126700,하이비젼시스템,KOSDAQ,사진장비 및 광학기기 제조업,2010-09-10
126640,화신정공,KOSDAQ,자동차 신품 부품 제조업,2010-08-31
123410,코리아에프티,KOSDAQ,자동차 신품 부품 제조업,2010-08-27
123040,엠에스오토텍,KOSDAQ,자동차 신품 부품 제조업,2010-08-06
067920,이글루,KOSDAQ,기타 정보 서비스업,2010-08-04
119610,인터로조,KOSDAQ,의료용 기기 제조업,2010-07-28
106190,하이텍팜,KOSDAQ,기초 의약물질 제조업,2010-07-28
121890,에스디시스템,KOSDAQ,전자부품 제조업,2010-07-16
123750,알톤,KOSDAQ,그외 기타 운송장비 제조업,2010-07-02
089850,유비벨록스,KOSDAQ,소프트웨어 개발 및 공급업,2010-06-18
046120,오르비텍,KOSDAQ,기타 과학기술 서비스업,2010-06-15
070300,퀀텀레일,KOSDAQ,소프트웨어 개발 및 공급업,2010-06-09
079970,투비소프트,KOSDAQ,소프트웨어 개발 및 공급업,2010-06-01
071200,인피니트헬스케어,KOSDAQ,소프트웨어 개발 및 공급업,2010-05-26
122690,서진오토모티브,KOSDAQ,자동차 신품 부품 제조업,2010-05-25
100030,인지소프트,KOSDAQ,소프트웨어 개발 및 공급업,2010-05-25
900110,딥커머스,KOSDAQ,기타 금융업,2010-04-23
900100,파이온엑스,KOSDAQ,자동차 부품 및 내장품 판매업,2010-04-21
115500,케이씨에스,KOSDAQ,컴퓨터 프로그래밍  시스템 통합 및 관리업,2010-04-14
900120,씨엑스아이,KOSDAQ,기타 금융업,2010-03-31
115450,HLB테라퓨틱스,KOSDAQ,기타 전문 도매업,2010-03-26
122350,삼기,KOSDAQ,자동차 신품 부품 제조업,2010-03-19
115610,이미지스,KOSDAQ,반도체 제조업,2010-02-26
115310,인포바인,KOSDAQ,전기 통신업,2010-02-09
106080,케이이엠텍,KOSDAQ,전자부품 제조업,2010-02-09
101330,모베이스,KOSDAQ,통신 및 방송 장비 제조업,2010-02-04
115570,스타플렉스,KOSDAQ,플라스틱제품 제조업,2010-01-27
115440,우리넷,KOSDAQ,통신 및 방송 장비 제조업,2010-01-27
050860,아세아텍,KOSDAQ,특수 목적용 기계 제조업,2010-01-26
114630,폴라리스우노,KOSDAQ,화학섬유 제조업,2010-01-15
080530,코디,KOSDAQ,기타 화학제품 제조업,2010-01-05
900070,글로벌에스엠,KOSDAQ,기타 금융업,2009-12-23
099520,DGI,KOSDAQ,영상 및 음향기기 제조업,2009-12-22
114450,그린생명과학,KOSDAQ,기초 의약물질 제조업,2009-12-22
104460,디와이피엔에프,KOSDAQ,일반 목적용 기계 제조업,2009-12-22
112040,위메이드,KOSDAQ,소프트웨어 개발 및 공급업,2009-12-18
108860,셀바스AI,KOSDAQ,소프트웨어 개발 및 공급업,2009-12-10
088290,이원컴포텍,KOSDAQ,자동차 신품 부품 제조업,2009-12-01
114190,강원에너지,KOSDAQ,기타 전기장비 제조업,2009-11-20
115160,휴맥스,KOSDAQ,기계장비 및 관련 물품 도매업,2009-11-16
109960,앱토크롬,KOSDAQ,기타 전문 도매업,2009-11-13
099410,동방선기,KOSDAQ,선박 및 보트 건조업,2009-11-10
101000,KS인더스트리,KOSDAQ,특수 목적용 기계 제조업,2009-11-06
109820,진매트릭스,KOSDAQ,자연과학 및 공학 연구개발업,2009-11-06
082920,비츠로셀,KOSDAQ,일차전지 및 이차전지 제조업,2009-10-28
042520,한스바이오메드,KOSDAQ,의료용품 및 기타 의약 관련제품 제조업,2009-10-09
104200,NHN벅스,KOSDAQ,기타 정보 서비스업,2009-10-06
052860,아이앤씨,KOSDAQ,반도체 제조업,2009-10-06
105330,케이엔더블유,KOSDAQ,자동차 신품 부품 제조업,2009-09-29
109740,디에스케이,KOSDAQ,특수 목적용 기계 제조업,2009-09-23
095700,제넥신,KOSDAQ,자연과학 및 공학 연구개발업,2009-09-15
108230,톱텍,KOSDAQ,특수 목적용 기계 제조업,2009-09-15
100130,동국S&C,KOSDAQ,구조용 금속제품  탱크 및 증기발생기 제조업,2009-08-31
103230,에스앤더블류,KOSDAQ,일반 목적용 기계 제조업,2009-08-05
063080,컴투스홀딩스,KOSDAQ,소프트웨어 개발 및 공급업,2009-07-30
109860,동일금속,KOSDAQ,금속 주조업,2009-07-28
102120,어보브반도체,KOSDAQ,반도체 제조업,2009-06-05
101730,위메이드맥스,KOSDAQ,소프트웨어 개발 및 공급업,2009-06-03
102710,이엔에프테크놀로지,KOSDAQ,기타 화학제품 제조업,2009-05-28
099440,스맥,KOSDAQ,특수 목적용 기계 제조업,2009-05-26
099220,SDN,KOSDAQ,기계장비 및 관련 물품 도매업,2009-05-19
101680,한국정밀기계,KOSDAQ,특수 목적용 기계 제조업,2009-05-19
010240,흥국,KOSDAQ,특수 목적용 기계 제조업,2009-05-12
101170,우림피티에스,KOSDAQ,일반 목적용 기계 제조업,2009-04-28
081150,티플랙스,KOSDAQ,1차 비철금속 제조업,2009-04-23
098660,에스티오,KOSDAQ,봉제의복 제조업,2009-04-17
071670,에이테크솔루션,KOSDAQ,특수 목적용 기계 제조업,2009-04-17
101490,에스앤에스텍,KOSDAQ,전자부품 제조업,2009-04-14
100120,뷰웍스,KOSDAQ,의료용 기기 제조업,2009-04-10
102940,코오롱생명과학,KOSDAQ,기초 의약물질 제조업,2009-04-07
101400,엔시트론,KOSDAQ,반도체 제조업,2009-03-31
106240,파인테크닉스,KOSDAQ,전구 및 조명장치 제조업,2009-03-16
086890,이수앱지스,KOSDAQ,의료용품 및 기타 의약 관련제품 제조업,2009-02-03
104040,디에스엠,KOSDAQ,자동차 신품 부품 제조업,2009-01-23
078070,유비쿼스홀딩스,KOSDAQ,기타 금융업,2009-01-23
086900,메디톡스,KOSDAQ,기초 의약물질 제조업,2009-01-16
058630,엠게임,KOSDAQ,소프트웨어 개발 및 공급업,2008-12-19
059100,아이컴포넌트,KOSDAQ,전자부품 제조업,2008-12-16
067630,HLB생명과학,KOSDAQ,의료용품 및 기타 의약 관련제품 제조업,2008-11-25
092130,이크레더블,KOSDAQ,기타 정보 서비스업,2008-10-24
100700,세운메디칼,KOSDAQ,의료용품 및 기타 의약 관련제품 제조업,2008-09-30
098120,마이크로컨텍솔,KOSDAQ,전자부품 제조업,2008-09-23
083470,이엠앤아이,KOSDAQ,기초 화학물질 제조업,2008-09-18
076080,웰크론한텍,KOSDAQ,건물 건설업,2008-07-18
101670,하이드로리튬,KOSDAQ,구조용 금속제품  탱크 및 증기발생기 제조업,2008-07-15
094840,슈프리마에이치큐,KOSDAQ,통신 및 방송 장비 제조업,2008-07-11
063170,서울옥션,KOSDAQ,상품 중개업,2008-07-01
047560,이스트소프트,KOSDAQ,소프트웨어 개발 및 공급업,2008-07-01
096240,크레버스,KOSDAQ,일반 교습 학원,2008-06-27
101160,월덱스,KOSDAQ,전자부품 제조업,2008-06-19
099320,쎄트렉아이,KOSDAQ,항공기 우주선 및 부품 제조업,2008-06-13
064480,브리지텍,KOSDAQ,소프트웨어 개발 및 공급업,2008-06-04
098460,고영,KOSDAQ,특수 목적용 기계 제조업,2008-06-03
067000,조이시티,KOSDAQ,소프트웨어 개발 및 공급업,2008-05-30
018620,우진비앤지,KOSDAQ,의약품 제조업,2008-05-20
095610,테스,KOSDAQ,특수 목적용 기계 제조업,2008-05-20
053280,예스24,KOSDAQ,무점포 소매업,2008-05-07
096870,엘디티,KOSDAQ,반도체 제조업,2008-05-02
059210,메타바이오메드,KOSDAQ,의료용품 및 기타 의약 관련제품 제조업,2008-04-15
097870,효성오앤비,KOSDAQ,비료  농약 및 살균  살충제 제조업,2008-04-08
091440,한울소재과학,KOSDAQ,통신 및 방송 장비 제조업,2008-02-01
097780,에코볼트,KOSDAQ,자동차 신품 부품 제조업,2008-01-23
096630,에스코넥,KOSDAQ,통신 및 방송 장비 제조업,2007-12-26
068330,일신바이오,KOSDAQ,일반 목적용 기계 제조업,2007-12-26
093920,서원인텍,KOSDAQ,통신 및 방송 장비 제조업,2007-12-20
067010,이씨에스,KOSDAQ,컴퓨터 프로그래밍  시스템 통합 및 관리업,2007-12-18
096350,대창솔루션,KOSDAQ,구조용 금속제품  탱크 및 증기발생기 제조업,2007-12-17
069920,엑시온그룹,KOSDAQ,무점포 소매업,2007-12-05
092070,디엔에프,KOSDAQ,기타 화학제품 제조업,2007-11-16
094820,일진파워,KOSDAQ,전기 및 통신 공사업,2007-11-06
086670,비엠티,KOSDAQ,일반 목적용 기계 제조업,2007-11-02
095190,신화프리텍,KOSDAQ,기타 금속 가공제품 제조업,2007-10-29
092300,현우산업,KOSDAQ,전자부품 제조업,2007-10-24
093640,케이알엠,KOSDAQ,반도체 제조업,2007-10-19
095910,에스에너지,KOSDAQ,전동기  발전기 및 전기 변환 · 공급 · 제어 장치 제조업,2007-10-16
081580,성우전자,KOSDAQ,통신 및 방송 장비 제조업,2007-10-12
073110,엘엠에스,KOSDAQ,전자부품 제조업,2007-10-12
094970,제이엠티,KOSDAQ,전자부품 제조업,2007-10-12
080520,오디텍,KOSDAQ,반도체 제조업,2007-10-08
095340,ISC,KOSDAQ,기계장비 및 관련 물품 도매업,2007-10-01
085910,네오티스,KOSDAQ,자동차 신품 부품 제조업,2007-10-01
095500,미래나노텍,KOSDAQ,플라스틱제품 제조업,2007-10-01
027580,상보,KOSDAQ,플라스틱제품 제조업,2007-10-01
086040,바이오톡스텍,KOSDAQ,자연과학 및 공학 연구개발업,2007-09-21
057540,옴니시스템,KOSDAQ,측정  시험  항해  제어 및 기타 정밀기기 제조업; 광학기기 제외,2007-09-19
094940,푸른로보틱스,KOSDAQ,컴퓨터 및 주변장치 제조업,2007-09-14
095270,웨이브일렉트로,KOSDAQ,측정  시험  항해  제어 및 기타 정밀기기 제조업; 광학기기 제외,2007-09-12
093190,빅솔론,KOSDAQ,컴퓨터 및 주변장치 제조업,2007-08-20
091340,S&K폴리텍,KOSDAQ,전자부품 제조업,2007-07-30
072770,멤레이비티,KOSDAQ,컴퓨터 프로그래밍  시스템 통합 및 관리업,2007-07-25
094480,갤럭시아머니트리,KOSDAQ,소프트웨어 개발 및 공급업,2007-07-20
086520,에코프로,KOSDAQ,기타 금융업,2007-07-20
065150,대산F&B,KOSDAQ,음·식료품 및 담배 도매업,2007-07-18
078340,컴투스,KOSDAQ,소프트웨어 개발 및 공급업,2007-07-06
095660,네오위즈,KOSDAQ,소프트웨어 개발 및 공급업,2007-07-02
092600,앤씨앤,KOSDAQ,반도체 제조업,2007-06-26
069410,엔텔스,KOSDAQ,소프트웨어 개발 및 공급업,2007-06-20
093380,풍강,KOSDAQ,기타 금속 가공제품 제조업,2007-06-01
086450,동국제약,KOSDAQ,의약품 제조업,2007-05-29
064820,케이프,KOSDAQ,선박 및 보트 건조업,2007-05-29
091580,상신이디피,KOSDAQ,일차전지 및 이차전지 제조업,2007-05-23
092460,한라IMS,KOSDAQ,선박 및 보트 건조업,2007-05-22
073540,에프알텍,KOSDAQ,통신 및 방송 장비 제조업,2007-05-18
091120,이엠텍,KOSDAQ,전자부품 제조업,2007-05-02
094850,참좋은여행,KOSDAQ,여행사 및 기타 여행보조 서비스업,2007-04-30
094860,네오리진,KOSDAQ,소프트웨어 개발 및 공급업,2007-04-16
078020,LS증권,KOSDAQ,금융 지원 서비스업,2007-02-21
093520,매커스,KOSDAQ,기계장비 및 관련 물품 도매업,2007-02-12
091970,LSK아이로봇,KOSDAQ,플라스틱제품 제조업,2007-01-30
092730,네오팜,KOSDAQ,기타 화학제품 제조업,2007-01-30
039200,오스코텍,KOSDAQ,의약품 제조업,2007-01-17
089010,켐트로닉스,KOSDAQ,기타 화학제품 제조업,2007-01-17
090470,제이스로보틱스,KOSDAQ,특수 목적용 기계 제조업,2007-01-10
088130,동아엘텍,KOSDAQ,특수 목적용 기계 제조업,2007-01-03
084110,휴온스글로벌,KOSDAQ,의약품 제조업,2006-12-19
089150,케이씨티,KOSDAQ,컴퓨터 프로그래밍  시스템 통합 및 관리업,2006-12-13
091700,파트론,KOSDAQ,전자부품 제조업,2006-12-13
086390,유니테스트,KOSDAQ,특수 목적용 기계 제조업,2006-12-05
090710,휴림로봇,KOSDAQ,특수 목적용 기계 제조업,2006-12-05
060540,에스에이티,KOSDAQ,측정  시험  항해  제어 및 기타 정밀기기 제조업; 광학기기 제외,2006-11-28
066310,큐에스아이,KOSDAQ,반도체 제조업,2006-11-24
067280,멀티캠퍼스,KOSDAQ,기타 교육기관,2006-11-16
089890,코세스,KOSDAQ,특수 목적용 기계 제조업,2006-11-08
080470,성창오토텍,KOSDAQ,자동차 신품 부품 제조업,2006-11-03
089140,넥스턴앤롤코리아,KOSDAQ,특수 목적용 기계 제조업,2006-11-01
089790,제이티,KOSDAQ,특수 목적용 기계 제조업,2006-10-27
090150,아이윈,KOSDAQ,자동차 신품 부품 제조업,2006-10-20
088390,이녹스,KOSDAQ,그외 기타 운송장비 제조업,2006-10-20
089230,THE E&M,KOSDAQ,기타 정보 서비스업,2006-10-10
043150,바텍,KOSDAQ,의료용 기기 제조업,2006-09-29
086960,MDS테크,KOSDAQ,소프트웨어 개발 및 공급업,2006-09-26
038060,루멘스바이오스,KOSDAQ,반도체 제조업,2006-08-08
083660,CSA 코스믹,KOSDAQ,기타 화학제품 제조업,2006-07-25
063570,NICE인프라,KOSDAQ,기타 사업지원 서비스업,2006-07-14
086980,쇼박스,KOSDAQ,영화  비디오물  방송프로그램 제작 및 배급업,2006-07-07
068050,팬엔터테인먼트,KOSDAQ,영화  비디오물  방송프로그램 제작 및 배급업,2006-07-07
039290,인포뱅크,KOSDAQ,기타 정보 서비스업,2006-07-04
078860,아이오케이이엔엠,KOSDAQ,영화  비디오물  방송프로그램 제작 및 배급업,2006-06-27
088910,동우팜투테이블,KOSDAQ,도축  육류 가공 및 저장 처리업,2006-06-23
054950,제이브이엠,KOSDAQ,일반 목적용 기계 제조업,2006-06-07
084730,팅크웨어,KOSDAQ,통신 및 방송 장비 제조업,2006-05-19
086060,진바이오텍,KOSDAQ,산업용 농·축산물 및 동·식물 도매업,2006-04-28
022220,티케이지애강,KOSDAQ,플라스틱제품 제조업,2006-04-11
088800,에이스테크,KOSDAQ,통신 및 방송 장비 제조업,2006-03-27
068760,셀트리온제약,KOSDAQ,의약품 제조업,2006-02-03
083450,GST,KOSDAQ,특수 목적용 기계 제조업,2006-02-01
019990,에너토크,KOSDAQ,일반 목적용 기계 제조업,2006-02-01
079370,제우스,KOSDAQ,특수 목적용 기계 제조업,2006-02-01
085670,뉴프렉스,KOSDAQ,전자부품 제조업,2006-01-17
084370,유진테크,KOSDAQ,특수 목적용 기계 제조업,2006-01-17
083790,CG인바이츠,KOSDAQ,자연과학 및 공학 연구개발업,2006-01-06
064550,바이오니아,KOSDAQ,의료용품 및 기타 의약 관련제품 제조업,2005-12-29
084990,헬릭스미스,KOSDAQ,자연과학 및 공학 연구개발업,2005-12-29
083640,인콘,KOSDAQ,상품 종합 도매업,2005-12-27
085660,차바이오텍,KOSDAQ,기초 의약물질 제조업,2005-12-27
078140,대봉엘에스,KOSDAQ,의약품 제조업,2005-12-23
067900,와이엔텍,KOSDAQ,폐기물 처리업,2005-12-23
083550,케이엠,KOSDAQ,기타 섬유제품 제조업,2005-12-20
084180,수성웹툰,KOSDAQ,일반 목적용 기계 제조업,2005-12-16
080420,모다이노칩,KOSDAQ,섬유  의복  신발 및 가죽제품 소매업,2005-12-06
083650,비에이치아이,KOSDAQ,일반 목적용 기계 제조업,2005-12-02
079190,케스피온,KOSDAQ,통신 및 방송 장비 제조업,2005-11-29
082800,비보존 제약,KOSDAQ,의약품 제조업,2005-11-18
043910,자연과환경,KOSDAQ,시멘트  석회  플라스터 및 그 제품 제조업,2005-11-18
079000,와토스코리아,KOSDAQ,플라스틱제품 제조업,2005-11-15
041020,폴라리스오피스,KOSDAQ,소프트웨어 개발 및 공급업,2005-10-28
078590,휴림에이텍,KOSDAQ,자동차 신품 부품 제조업,2005-10-27
038070,서린바이오,KOSDAQ,기타 전문 도매업,2005-10-25
079940,가비아,KOSDAQ,소프트웨어 개발 및 공급업,2005-10-19
077360,덕산하이메탈,KOSDAQ,반도체 제조업,2005-10-14
083930,아바코,KOSDAQ,특수 목적용 기계 제조업,2005-10-11
067310,하나마이크론,KOSDAQ,반도체 제조업,2005-10-11
083310,엘오티베큠,KOSDAQ,특수 목적용 기계 제조업,2005-10-05
080010,이상네트웍스,KOSDAQ,상품 중개업,2005-09-30
078160,메디포스트,KOSDAQ,기초 의약물질 제조업,2005-07-29
082850,우리바이오,KOSDAQ,기타 식품 제조업,2005-07-29
080160,모두투어,KOSDAQ,여행사 및 기타 여행보조 서비스업,2005-07-26
078890,가온그룹,KOSDAQ,통신 및 방송 장비 제조업,2005-07-12
050890,쏠리드,KOSDAQ,통신 및 방송 장비 제조업,2005-07-08
082210,옵트론텍,KOSDAQ,사진장비 및 광학기기 제조업,2005-06-24
082270,젬백스,KOSDAQ,특수 목적용 기계 제조업,2005-06-24
075130,플랜티넷,KOSDAQ,컴퓨터 프로그래밍  시스템 통합 및 관리업,2005-06-10
073490,LIG아큐버,KOSDAQ,통신 및 방송 장비 제조업,2005-02-04
079950,인베니아,KOSDAQ,특수 목적용 기계 제조업,2005-02-04
079960,동양이엔피,KOSDAQ,전동기  발전기 및 전기 변환 · 공급 · 제어 장치 제조업,2005-02-01
080220,제주반도체,KOSDAQ,반도체 제조업,2005-02-01
079170,한창산업,KOSDAQ,1차 비철금속 제조업,2005-02-01
079810,APS이노베이션,KOSDAQ,기타 전기장비 제조업,2005-01-26
052220,iMBC,KOSDAQ,영상·오디오물 제공 서비스업,2005-01-21
079650,서산,KOSDAQ,시멘트  석회  플라스터 및 그 제품 제조업,2005-01-21
052900,KX하이텍,KOSDAQ,플라스틱제품 제조업,2005-01-18
066910,손오공,KOSDAQ,기타 전문 도매업,2005-01-07
049950,미래컴퍼니,KOSDAQ,특수 목적용 기계 제조업,2005-01-04
052460,아이크래프트,KOSDAQ,컴퓨터 프로그래밍  시스템 통합 및 관리업,2005-01-03
072870,메가스터디,KOSDAQ,서적  잡지 및 기타 인쇄물 출판업,2004-12-21
073010,케이에스피,KOSDAQ,일반 목적용 기계 제조업,2004-12-17
046440,KG파이낸셜,KOSDAQ,소프트웨어 개발 및 공급업,2004-12-14
078600,대주전자재료,KOSDAQ,전자부품 제조업,2004-12-10
054450,텔레칩스,KOSDAQ,반도체 제조업,2004-12-10
078150,HB테크놀러지,KOSDAQ,특수 목적용 기계 제조업,2004-12-08
067990,도이치모터스,KOSDAQ,자동차 판매업,2004-12-03
051360,토비스,KOSDAQ,영상 및 음향기기 제조업,2004-11-19
078130,국일제지,KOSDAQ,기타 종이 및 판지 제품 제조업,2004-10-22
068790,DMS,KOSDAQ,특수 목적용 기계 제조업,2004-10-01
048870,시너지이노베이션,KOSDAQ,의료용 기기 제조업,2004-08-13
065350,신성델타테크,KOSDAQ,가정용 기기 제조업,2004-08-06
039340,한국경제TV,KOSDAQ,텔레비전 방송업,2004-07-30
064260,다날,KOSDAQ,소프트웨어 개발 및 공급업,2004-07-23
011080,형지I&C,KOSDAQ,봉제의복 제조업,2004-07-02
050090,비케이홀딩스,KOSDAQ,광고업,2004-06-29
057030,YBM넷,KOSDAQ,교육지원 서비스업,2004-06-08
065770,CS,KOSDAQ,통신 및 방송 장비 제조업,2004-06-04
074430,아미노로직스,KOSDAQ,기초 의약물질 제조업,2004-06-04
066700,테라젠이텍스,KOSDAQ,의약품 제조업,2004-05-27
066900,디에이피,KOSDAQ,전자부품 제조업,2004-05-14
078350,한양디지텍,KOSDAQ,반도체 제조업,2004-05-14
075970,동국알앤에스,KOSDAQ,기타 비금속 광물제품 제조업,2004-02-13
069540,빛과전자,KOSDAQ,통신 및 방송 장비 제조업,2004-02-13
073190,듀오백,KOSDAQ,가구 제조업,2004-02-06
054090,삼진엘앤디,KOSDAQ,그외 기타 제품 제조업,2004-02-06
041910,폴라리스AI파마,KOSDAQ,의약품 제조업,2004-02-06
067770,세진티에스,KOSDAQ,전자부품 제조업,2004-01-09
070590,인티큐브,KOSDAQ,컴퓨터 프로그래밍  시스템 통합 및 관리업,2004-01-08
073570,리튬포어스,KOSDAQ,그외 기타 제품 제조업,2004-01-06
073640,테라사이언스,KOSDAQ,기타 금속 가공제품 제조업,2004-01-06
065680,우주일렉트로,KOSDAQ,전자부품 제조업,2004-01-02
067160,SOOP,KOSDAQ,소프트웨어 개발 및 공급업,2003-12-19
060570,드림어스컴퍼니,KOSDAQ,영상·오디오물 제공 서비스업,2003-12-19
066410,버킷스튜디오,KOSDAQ,전기 통신업,2003-12-19
074600,원익QnC,KOSDAQ,유리 및 유리제품 제조업,2003-12-12
071280,로체시스템즈,KOSDAQ,특수 목적용 기계 제조업,2003-11-14
069510,에스텍,KOSDAQ,영상 및 음향기기 제조업,2003-11-14
067170,오텍,KOSDAQ,자동차 재제조 부품 제조업,2003-11-14
054780,키이스트,KOSDAQ,영화  비디오물  방송프로그램 제작 및 배급업,2003-11-14
041440,현대에버다임,KOSDAQ,특수 목적용 기계 제조업,2003-11-14
072020,중앙백신,KOSDAQ,기초 의약물질 제조업,2003-10-31
065510,휴비츠,KOSDAQ,의료용 기기 제조업,2003-10-31
072470,우리산업홀딩스,KOSDAQ,자동차 신품 부품 제조업,2003-10-28
068930,디지털대성,KOSDAQ,일반 교습 학원,2003-10-17
069330,유아이디,KOSDAQ,전자부품 제조업,2003-08-18
064760,티씨케이,KOSDAQ,기타 비금속 광물제품 제조업,2003-08-18
052710,아모텍,KOSDAQ,전자부품 제조업,2003-08-01
065950,웰크론,KOSDAQ,직물직조 및 직물제품 제조업,2003-07-29
047310,파워로직스,KOSDAQ,전동기  발전기 및 전기 변환 · 공급 · 제어 장치 제조업,2003-07-25
041520,이엘씨,KOSDAQ,측정  시험  항해  제어 및 기타 정밀기기 제조업; 광학기기 제외,2003-07-04
064240,홈캐스트,KOSDAQ,기타 전문 도매업,2003-06-11
066790,씨씨에스,KOSDAQ,텔레비전 방송업,2003-05-30
069080,웹젠,KOSDAQ,소프트웨어 개발 및 공급업,2003-05-23
067080,대화제약,KOSDAQ,의약품 제조업,2003-02-14
066590,스모트로닉,KOSDAQ,자동차 신품 부품 제조업,2003-02-12
067290,JW신약,KOSDAQ,의약품 제조업,2003-02-11
066130,하츠,KOSDAQ,가정용 기기 제조업,2003-02-11
065450,빅텍,KOSDAQ,측정  시험  항해  제어 및 기타 정밀기기 제조업; 광학기기 제외,2003-02-05
065130,탑엔지니어링,KOSDAQ,특수 목적용 기계 제조업,2003-01-29
065440,이루온,KOSDAQ,소프트웨어 개발 및 공급업,2003-01-28
049630,재영솔루텍,KOSDAQ,사진장비 및 광학기기 제조업,2003-01-24
021650,한국큐빅,KOSDAQ,플라스틱제품 제조업,2003-01-24
051370,인터플렉스,KOSDAQ,전자부품 제조업,2003-01-22
065570,삼영이엔씨,KOSDAQ,통신 및 방송 장비 제조업,2003-01-21
065650,하이퍼코퍼레이션,KOSDAQ,기계장비 및 관련 물품 도매업,2003-01-21
066980,한성크린텍,KOSDAQ,건축기술  엔지니어링 및 관련 기술 서비스업,2003-01-17
016100,리더스코스메틱,KOSDAQ,골판지  종이 상자 및 종이용기 제조업,2003-01-15
042040,케이피엠테크,KOSDAQ,기타 전문 도매업,2003-01-07
066670,디티씨,KOSDAQ,부동산 임대 및 공급업,2002-12-30
066430,아이로보틱스,KOSDAQ,기타 전문 도매업,2002-12-24
047820,초록뱀미디어,KOSDAQ,영화  비디오물  방송프로그램 제작 및 배급업,2002-12-24
064090,인크레더블버즈,KOSDAQ,상품 종합 도매업,2002-12-17
049960,쎌바이오텍,KOSDAQ,기초 의약물질 제조업,2002-12-13
053290,NE능률,KOSDAQ,서적  잡지 및 기타 인쇄물 출판업,2002-12-10
064520,테크엘,KOSDAQ,반도체 제조업,2002-12-04
035600,KG이니시스,KOSDAQ,소프트웨어 개발 및 공급업,2002-11-22
065170,비엘팜텍,KOSDAQ,음·식료품 및 담배 도매업,2002-11-19
041590,플래스크,KOSDAQ,실내건축 및 건축마무리 공사업,2002-11-01
042600,새로닉스,KOSDAQ,전자부품 제조업,2002-10-01
065500,오리엔트정공,KOSDAQ,자동차 신품 부품 제조업,2002-09-19
060900,에이전트AI,KOSDAQ,전기업,2002-09-17
066620,국보디자인,KOSDAQ,실내건축 및 건축마무리 공사업,2002-09-05
052770,아이톡시,KOSDAQ,소프트웨어 개발 및 공급업,2002-08-22
065420,에스아이리소스,KOSDAQ,기타 화학제품 제조업,2002-08-22
064800,포니링크,KOSDAQ,섬유  의복  신발 및 가죽제품 소매업,2002-08-22
039980,폴라리스AI,KOSDAQ,컴퓨터 프로그래밍  시스템 통합 및 관리업,2002-08-13
048410,현대바이오,KOSDAQ,기타 화학제품 제조업,2002-08-08
058610,에스피지,KOSDAQ,전동기  발전기 및 전기 변환 · 공급 · 제어 장치 제조업,2002-07-23
045340,토탈소프트,KOSDAQ,소프트웨어 개발 및 공급업,2002-07-19
065710,서호전기,KOSDAQ,전동기  발전기 및 전기 변환 · 공급 · 제어 장치 제조업,2002-07-16
065690,파커스,KOSDAQ,고무제품 제조업,2002-07-16
060560,HC홈센타,KOSDAQ,기타 전문 도매업,2002-07-11
043710,코스리거글로벌,KOSDAQ,기타 전문 도매업,2002-07-11
036010,아비코전자,KOSDAQ,전자부품 제조업,2002-07-03
060280,큐렉소,KOSDAQ,기타 상품 전문 소매업,2002-07-03
060230,제이케이시냅스,KOSDAQ,기타 화학제품 제조업,2002-06-25
046940,우원개발,KOSDAQ,기반조성 및 시설물 축조관련 전문공사업,2002-06-18
057680,티사이언티픽,KOSDAQ,소프트웨어 개발 및 공급업,2002-06-18
060150,인선이엔티,KOSDAQ,폐기물 처리업,2002-06-14
065530,와이어블,KOSDAQ,전기 통신업,2002-06-04
063440,SM Life Design,KOSDAQ,기록매체 복제업,2002-05-30
051160,지어소프트,KOSDAQ,소프트웨어 개발 및 공급업,2002-05-28
065060,지엔코,KOSDAQ,봉제의복 제조업,2002-05-28
049180,셀루메드,KOSDAQ,기초 의약물질 제조업,2002-05-23
060720,KH바텍,KOSDAQ,전자부품 제조업,2002-05-21
061040,알에프텍,KOSDAQ,통신 및 방송 장비 제조업,2002-05-16
050760,에스폴리텍,KOSDAQ,플라스틱제품 제조업,2002-05-16
054210,이랜텍,KOSDAQ,전자부품 제조업,2002-05-09
050120,ES큐브,KOSDAQ,생활용품 도매업,2002-04-25
054410,케이피티유,KOSDAQ,기타 전문 도매업,2002-04-25
060310,3S,KOSDAQ,측정  시험  항해  제어 및 기타 정밀기기 제조업; 광학기기 제외,2002-04-23
061250,화일약품,KOSDAQ,의약품 제조업,2002-04-18
053980,오상자이엘,KOSDAQ,소프트웨어 개발 및 공급업,2002-04-09
054050,NH농우바이오,KOSDAQ,작물 재배업,2002-04-02
039420,케이엘넷,KOSDAQ,전기 통신업,2002-03-12
039440,에스티아이,KOSDAQ,특수 목적용 기계 제조업,2002-02-28
049550,잉크테크,KOSDAQ,기타 화학제품 제조업,2002-02-28
054670,대한뉴팜,KOSDAQ,의약품 제조업,2002-02-26
060590,씨티씨바이오,KOSDAQ,의약품 제조업,2002-02-21
049070,인탑스,KOSDAQ,통신 및 방송 장비 제조업,2002-02-21
060370,LS마린솔루션,KOSDAQ,전기 및 통신 공사업,2002-02-15
051380,피씨디렉트,KOSDAQ,기계장비 및 관련 물품 도매업,2002-02-15
053270,구영테크,KOSDAQ,자동차 신품 부품 제조업,2002-02-07
034950,한국기업평가,KOSDAQ,기타 사업지원 서비스업,2002-02-07
060260,뉴보텍,KOSDAQ,플라스틱제품 제조업,2002-02-05
060380,동양에스텍,KOSDAQ,1차 철강 제조업,2002-02-05
046310,백금T&A,KOSDAQ,통신 및 방송 장비 제조업,2002-02-05
049720,고려신용정보,KOSDAQ,기타 사업지원 서비스업,2002-01-31
046890,서울반도체,KOSDAQ,반도체 제조업,2002-01-17
013990,아가방컴퍼니,KOSDAQ,생활용품 도매업,2002-01-17
058450,한주에이알티,KOSDAQ,영화  비디오물  방송프로그램 제작 및 배급업,2002-01-17
059090,미코,KOSDAQ,반도체 제조업,2002-01-15
054930,유신,KOSDAQ,건축기술  엔지니어링 및 관련 기술 서비스업,2002-01-15
035200,프럼파스트,KOSDAQ,플라스틱제품 제조업,2002-01-15
054040,한국컴퓨터,KOSDAQ,전자부품 제조업,2002-01-15
048470,대동스틸,KOSDAQ,기타 전문 도매업,2002-01-10
042500,링네트,KOSDAQ,컴퓨터 프로그래밍  시스템 통합 및 관리업,2002-01-10
040350,크레오에스지,KOSDAQ,컴퓨터 프로그래밍  시스템 통합 및 관리업,2002-01-10
054300,팬스타엔터프라이즈,KOSDAQ,일반 목적용 기계 제조업,2002-01-10
047080,한빛소프트,KOSDAQ,소프트웨어 개발 및 공급업,2002-01-10
060250,NHN KCP,KOSDAQ,금융 지원 서비스업,2002-01-08
056730,CNT85,KOSDAQ,건물 건설업,2002-01-04
053260,금강철강,KOSDAQ,1차 철강 제조업,2002-01-04
041930,SY동아,KOSDAQ,고무제품 제조업,2001-12-26
054220,비츠로시스,KOSDAQ,전동기  발전기 및 전기 변환 · 공급 · 제어 장치 제조업,2001-12-26
014940,오리엔탈정공,KOSDAQ,일반 목적용 기계 제조업,2001-12-26
043590,웰킵스하이텍,KOSDAQ,반도체 제조업,2001-12-20
056190,SFA,KOSDAQ,특수 목적용 기계 제조업,2001-12-18
058470,리노공업,KOSDAQ,전자부품 제조업,2001-12-18
045300,성우테크론,KOSDAQ,전자부품 제조업,2001-12-18
056700,신화인터텍,KOSDAQ,플라스틱제품 제조업,2001-12-13
054940,엑사이엔씨,KOSDAQ,실내건축 및 건축마무리 공사업,2001-12-13
043370,피에이치에이,KOSDAQ,자동차 신품 부품 제조업,2001-12-13
054620,APS,KOSDAQ,기타 금융업,2001-12-04
056360,코위버,KOSDAQ,통신 및 방송 장비 제조업,2001-12-04
043260,성호전자,KOSDAQ,전자부품 제조업,2001-11-29
051390,YW,KOSDAQ,상품 종합 도매업,2001-11-15
054540,삼영엠텍,KOSDAQ,구조용 금속제품  탱크 및 증기발생기 제조업,2001-11-15
053350,이니텍,KOSDAQ,소프트웨어 개발 및 공급업,2001-11-15
056080,유진로봇,KOSDAQ,특수 목적용 기계 제조업,2001-11-13
044490,태웅,KOSDAQ,기타 금속 가공제품 제조업,2001-11-08
053950,경남제약,KOSDAQ,의약품 제조업,2001-11-06
053700,삼보모터스,KOSDAQ,자동차 신품 부품 제조업,2001-11-06
054920,한컴위드,KOSDAQ,소프트웨어 개발 및 공급업,2001-11-01
041960,코미팜,KOSDAQ,의약품 제조업,2001-10-30
053160,프리엠스,KOSDAQ,전동기  발전기 및 전기 변환 · 공급 · 제어 장치 제조업,2001-10-30
052400,코나아이,KOSDAQ,소프트웨어 개발 및 공급업,2001-10-18
054180,메디콕스,KOSDAQ,선박 및 보트 건조업,2001-10-16
049470,비트플래닛,KOSDAQ,소프트웨어 개발 및 공급업,2001-10-11
053050,지에스이,KOSDAQ,연료용 가스 제조 및 배관공급업,2001-10-11
054800,아이디스홀딩스,KOSDAQ,기타 전문 서비스업,2001-09-27
047770,코데즈컴바인,KOSDAQ,봉제의복 제조업,2001-09-18
053800,안랩,KOSDAQ,소프트웨어 개발 및 공급업,2001-09-13
040300,YTN,KOSDAQ,영화  비디오물  방송프로그램 제작 및 배급업,2001-09-04
058820,CMG제약,KOSDAQ,의약품 제조업,2001-08-31
035900,JYP Ent.,KOSDAQ,오디오물 출판 및 원판 녹음업,2001-08-30
021320,KCC건설,KOSDAQ,건물 건설업,2001-08-21
053060,세동,KOSDAQ,자동차 신품 부품 제조업,2001-08-17
053610,프로텍,KOSDAQ,특수 목적용 기계 제조업,2001-08-17
052790,액토즈소프트,KOSDAQ,소프트웨어 개발 및 공급업,2001-08-14
053450,세코닉스,KOSDAQ,사진장비 및 광학기기 제조업,2001-08-09
053030,바이넥스,KOSDAQ,의약품 제조업,2001-08-07
052420,오성첨단소재,KOSDAQ,플라스틱제품 제조업,2001-08-07
053620,태양,KOSDAQ,기타 금속 가공제품 제조업,2001-08-07
052300,오션인더블유,KOSDAQ,상품 종합 도매업,2001-08-02
049520,유아이엘,KOSDAQ,전자부품 제조업,2001-08-02
048910,대원미디어,KOSDAQ,기타 전문 도매업,2001-07-31
051980,중앙첨단소재,KOSDAQ,통신 및 방송 장비 제조업,2001-07-31
051500,CJ프레시웨이,KOSDAQ,음·식료품 및 담배 도매업,2001-07-26
049120,파인디앤씨,KOSDAQ,전자부품 제조업,2001-07-26
043360,디지아이,KOSDAQ,컴퓨터 및 주변장치 제조업,2001-07-20
052330,코텍,KOSDAQ,영상 및 음향기기 제조업,2001-07-10
052600,한네트,KOSDAQ,전기 통신업,2001-07-10
052020,에스티큐브,KOSDAQ,기계장비 및 관련 물품 도매업,2001-07-05
043220,티에스넥스젠,KOSDAQ,특수 목적용 기계 제조업,2001-07-03
051780,큐로홀딩스,KOSDAQ,음·식료품 및 담배 소매업,2001-06-26
033790,피노,KOSDAQ,일차전지 및 이차전지 제조업,2001-06-26
051490,나라엠앤디,KOSDAQ,특수 목적용 기계 제조업,2001-06-12
038870,에코심플렉스,KOSDAQ,사업시설 유지·관리 서비스업,2001-05-29
045660,에이텍,KOSDAQ,일반 목적용 기계 제조업,2001-05-24
045390,대아티아이,KOSDAQ,기타 전기장비 제조업,2001-05-17
050110,캠시스,KOSDAQ,전자부품 제조업,2001-05-17
052260,현대바이오랜드,KOSDAQ,기타 화학제품 제조업,2001-05-17
036540,SFA반도체,KOSDAQ,반도체 제조업,2001-05-02
038500,삼표시멘트,KOSDAQ,기타 비금속 광물제품 제조업,2001-02-01
024850,HLB이노베이션,KOSDAQ,전자부품 제조업,2001-01-18
048550,SM C&C,KOSDAQ,광고업,2001-01-18
049830,승일,KOSDAQ,기타 금속 가공제품 제조업,2001-01-18
048770,TPC로보틱스,KOSDAQ,일반 목적용 기계 제조업,2001-01-16
049430,코메론,KOSDAQ,측정  시험  항해  제어 및 기타 정밀기기 제조업; 광학기기 제외,2001-01-16
044480,빌리언스,KOSDAQ,창작 및 예술관련 서비스업,2001-01-11
046390,삼화네트웍스,KOSDAQ,영화  비디오물  방송프로그램 제작 및 배급업,2001-01-11
014620,성광벤드,KOSDAQ,1차 철강 제조업,2001-01-11
048430,유라테크,KOSDAQ,전동기  발전기 및 전기 변환 · 공급 · 제어 장치 제조업,2001-01-11
017480,삼현철강,KOSDAQ,1차 철강 제조업,2001-01-09
049480,오픈베이스,KOSDAQ,컴퓨터 프로그래밍  시스템 통합 및 관리업,2001-01-09
042510,라온시큐어,KOSDAQ,소프트웨어 개발 및 공급업,2001-01-03
036670,삼양케이씨아이,KOSDAQ,기타 화학제품 제조업,2001-01-03
039830,오로라,KOSDAQ,전문디자인업,2001-01-03
036190,금화피에스시,KOSDAQ,전기 및 통신 공사업,2000-12-26
041830,인바디,KOSDAQ,의료용 기기 제조업,2000-12-14
014570,고려제약,KOSDAQ,의약품 제조업,2000-12-07
045520,크린앤사이언스,KOSDAQ,일반 목적용 기계 제조업,2000-12-05
044180,KD,KOSDAQ,건물 건설업,2000-11-16
044960,이글벳,KOSDAQ,기타 전문 도매업,2000-11-16
032080,아즈텍WB,KOSDAQ,섬유제품 염색  정리 및 마무리 가공업,2000-10-26
010470,오리콤,KOSDAQ,광고업,2000-10-24
044340,위닉스,KOSDAQ,가정용 기기 제조업,2000-10-24
042940,상지건설,KOSDAQ,건물 건설업,2000-10-19
048830,엔피케이,KOSDAQ,합성고무 및 플라스틱 물질 제조업,2000-10-12
000250,삼천당제약,KOSDAQ,의약품 제조업,2000-10-04
044780,에이치케이,KOSDAQ,특수 목적용 기계 제조업,2000-09-07
045510,정원엔시스,KOSDAQ,기계장비 및 관련 물품 도매업,2000-09-07
045100,한양이엔지,KOSDAQ,건축기술  엔지니어링 및 관련 기술 서비스업,2000-08-31
040160,누리플렉스,KOSDAQ,소프트웨어 개발 및 공급업,2000-08-29
043340,에쎈테크,KOSDAQ,일반 목적용 기계 제조업,2000-08-29
043650,국순당,KOSDAQ,알코올음료 제조업,2000-08-24
037950,엘컴텍,KOSDAQ,전자부품 제조업,2000-08-24
039030,이오테크닉스,KOSDAQ,특수 목적용 기계 제조업,2000-08-24
038540,상상인,KOSDAQ,컴퓨터 프로그래밍  시스템 통합 및 관리업,2000-08-18
018680,서울제약,KOSDAQ,의약품 제조업,2000-08-18
046210,HLB파나진,KOSDAQ,의료용품 및 기타 의약 관련제품 제조업,2000-08-16
039860,나노엔텍,KOSDAQ,의료용 기기 제조업,2000-08-16
045060,오공,KOSDAQ,기타 화학제품 제조업,2000-08-10
043100,알파AI,KOSDAQ,의료용 기기 제조업,2000-08-08
042370,비츠로테크,KOSDAQ,기타 금융업,2000-08-03
045970,코아시아,KOSDAQ,전자부품 제조업,2000-08-03
040420,정상제이엘에스,KOSDAQ,일반 교습 학원,2000-08-01
007370,진양제약,KOSDAQ,의약품 제조업,2000-07-27
043610,KT지니뮤직,KOSDAQ,영상·오디오물 제공 서비스업,2000-07-20
036890,진성티이씨,KOSDAQ,특수 목적용 기계 제조업,2000-07-20
039010,현대에이치티,KOSDAQ,통신 및 방송 장비 제조업,2000-07-20
009300,삼아제약,KOSDAQ,의약품 제조업,2000-07-19
043200,파루,KOSDAQ,전동기  발전기 및 전기 변환 · 공급 · 제어 장치 제조업,2000-07-19
042110,에스씨디,KOSDAQ,가정용 기기 제조업,2000-07-13
039740,한국정보공학,KOSDAQ,기타 전문 도매업,2000-07-06
039840,디오,KOSDAQ,의료용 기기 제조업,2000-06-29
042420,네오위즈홀딩스,KOSDAQ,소프트웨어 개발 및 공급업,2000-06-27
039560,다산네트웍스,KOSDAQ,통신 및 방송 장비 제조업,2000-06-22
038460,바이오스마트,KOSDAQ,전자부품 제조업,2000-06-22
032820,우리기술,KOSDAQ,전동기  발전기 및 전기 변환 · 공급 · 제어 장치 제조업,2000-06-22
001540,안국약품,KOSDAQ,의약품 제조업,2000-06-15
039310,세중,KOSDAQ,소프트웨어 개발 및 공급업,2000-06-09
041190,우리기술투자,KOSDAQ,기타 금융업,2000-06-09
038530,케이바이오랩스,KOSDAQ,생활용품 도매업,2000-06-09
036640,HRS,KOSDAQ,합성고무 및 플라스틱 물질 제조업,2000-05-30
031330,에스에이엠티,KOSDAQ,기계장비 및 관련 물품 도매업,2000-05-23
038620,위즈코프,KOSDAQ,연료 소매업,2000-05-04
039020,이건홀딩스,KOSDAQ,제재 및 목재 가공업,2000-05-04
038950,파인디지털,KOSDAQ,통신 및 방송 장비 제조업,2000-05-04
036800,나이스정보통신,KOSDAQ,전기 통신업,2000-05-03
040610,SG&G,KOSDAQ,자동차 신품 부품 제조업,2000-04-27
038880,아이에이,KOSDAQ,전자부품 제조업,2000-04-27
038680,에스넷,KOSDAQ,컴퓨터 프로그래밍  시스템 통합 및 관리업,2000-04-27
041510,에스엠,KOSDAQ,오디오물 출판 및 원판 녹음업,2000-04-27
010280,아이티센엔텍,KOSDAQ,컴퓨터 프로그래밍  시스템 통합 및 관리업,2000-04-14
037760,쎄니트,KOSDAQ,1차 철강 제조업,2000-04-07
036480,대성미생물,KOSDAQ,의약품 제조업,2000-04-04
038110,에코플라스틱,KOSDAQ,자동차 신품 부품 제조업,2000-03-23
032500,케이엠더블유,KOSDAQ,통신 및 방송 장비 제조업,2000-03-21
039610,화성밸브,KOSDAQ,일반 목적용 기계 제조업,2000-03-16
039240,경남스틸,KOSDAQ,1차 철강 제조업,2000-03-07
038290,마크로젠,KOSDAQ,그외 기타 전문  과학 및 기술 서비스업,2000-02-22
037440,희림,KOSDAQ,건축기술  엔지니어링 및 관련 기술 서비스업,2000-02-03
038390,레드캡투어,KOSDAQ,여행사 및 기타 여행보조 서비스업,2000-02-01
036830,솔브레인홀딩스,KOSDAQ,회사 본부 및 경영 컨설팅 서비스업,2000-01-18
036810,에프에스티,KOSDAQ,전자부품 제조업,2000-01-18
036690,코맥스,KOSDAQ,통신 및 방송 장비 제조업,2000-01-18
037370,EG,KOSDAQ,기초 화학물질 제조업,2000-01-11
036620,감성코퍼레이션,KOSDAQ,기타 전문 도매업,2000-01-11
037350,성도이엔지,KOSDAQ,건축기술  엔지니어링 및 관련 기술 서비스업,2000-01-11
038010,제일테크노스,KOSDAQ,구조용 금속제품  탱크 및 증기발생기 제조업,2000-01-11
001810,무림SP,KOSDAQ,펄프  종이 및 판지 제조업,2000-01-04
036630,세종텔레콤,KOSDAQ,전기 및 통신 공사업,2000-01-04
036710,심텍홀딩스,KOSDAQ,회사 본부 및 경영 컨설팅 서비스업,2000-01-04
037070,파세코,KOSDAQ,가정용 기기 제조업,2000-01-04
036560,KZ정밀,KOSDAQ,일반 목적용 기계 제조업,1999-12-28
016250,SGC E&C,KOSDAQ,건물 건설업,1999-12-28
035890,서희건설,KOSDAQ,건물 건설업,1999-12-24
036930,주성엔지니어링,KOSDAQ,특수 목적용 기계 제조업,1999-12-24
036030,케이티알파,KOSDAQ,상품 중개업,1999-12-24
032190,다우데이타,KOSDAQ,기계장비 및 관련 물품 도매업,1999-12-21
005290,동진쎄미켐,KOSDAQ,기초 화학물질 제조업,1999-12-21
003100,선광,KOSDAQ,기타 운송관련 서비스업,1999-12-21
036170,에이치엠넥스,KOSDAQ,반도체 제조업,1999-12-21
026040,제이에스티나,KOSDAQ,귀금속 및 장신용품 제조업,1999-12-21
037230,한국팩키지,KOSDAQ,골판지  종이 상자 및 종이용기 제조업,1999-12-21
037460,삼지전자,KOSDAQ,통신 및 방송 장비 제조업,1999-12-16
037400,우리엔터프라이즈,KOSDAQ,상품 종합 도매업,1999-12-16
033640,네패스,KOSDAQ,반도체 제조업,1999-12-14
037330,인지디스플레,KOSDAQ,전자부품 제조업,1999-12-14
036090,위지트,KOSDAQ,특수 목적용 기계 제조업,1999-12-10
036200,유니셈,KOSDAQ,특수 목적용 기계 제조업,1999-12-10
024800,유성티엔에스,KOSDAQ,육상 여객 운송업,1999-12-10
027050,코리아나,KOSDAQ,기타 화학제품 제조업,1999-12-10
035290,골드앤에스,KOSDAQ,서적  잡지 및 기타 인쇄물 출판업,1999-12-07
036120,서울평가정보,KOSDAQ,기타 정보 서비스업,1999-12-07
027040,서울전자통신,KOSDAQ,전동기  발전기 및 전기 변환 · 공급 · 제어 장치 제조업,1999-12-03
027830,대성창투,KOSDAQ,신탁업 및 집합투자업,1999-11-30
036000,예림당,KOSDAQ,서적  잡지 및 기타 인쇄물 출판업,1999-11-30
035760,CJ ENM,KOSDAQ,텔레비전 방송업,1999-11-23
035810,이지홀딩스,KOSDAQ,동물용 사료 및 조제식품 제조업,1999-11-23
035460,기산텔레콤,KOSDAQ,통신 및 방송 장비 제조업,1999-11-18
035620,바른손이앤에이,KOSDAQ,영화  비디오물  방송프로그램 제작 및 배급업,1999-08-13
035610,솔본,KOSDAQ,회사 본부 및 경영 컨설팅 서비스업,1999-08-13
020710,시공테크,KOSDAQ,전문디자인업,1999-08-13
012790,신일제약,KOSDAQ,의약품 제조업,1999-08-13
034940,조아제약,KOSDAQ,의약품 제조업,1999-08-13
033230,인성정보,KOSDAQ,컴퓨터 프로그래밍  시스템 통합 및 관리업,1999-07-30
035080,그래디언트,KOSDAQ,무점포 소매업,1999-07-05
005160,동국산업,KOSDAQ,1차 철강 제조업,1999-06-25
005990,매일홀딩스,KOSDAQ,동·식물성 유지 및 낙농제품 제조업,1999-05-14
034810,해성산업,KOSDAQ,기타 금융업,1999-04-16
025770,한국정보통신,KOSDAQ,전기 통신업,1998-01-20
033540,파라텍,KOSDAQ,특수 목적용 기계 제조업,1997-12-26
033500,동성화인텍,KOSDAQ,기초 화학물질 제조업,1997-12-19
030350,드래곤플라이,KOSDAQ,소프트웨어 개발 및 공급업,1997-11-10
033160,엠케이전자,KOSDAQ,전자부품 제조업,1997-11-10
033310,엠투엔,KOSDAQ,전자부품 제조업,1997-11-10
033320,제이씨현시스템,KOSDAQ,기계장비 및 관련 물품 도매업,1997-11-10
009520,포스코엠텍,KOSDAQ,1차 철강 제조업,1997-11-10
013810,스페코,KOSDAQ,특수 목적용 기계 제조업,1997-11-03
033340,좋은사람들,KOSDAQ,봉제의복 제조업,1997-11-03
033290,로젠,KOSDAQ,섬유  의복  신발 및 가죽제품 소매업,1997-10-13
033200,모아텍,KOSDAQ,전자부품 제조업,1997-10-13
015710,코콤,KOSDAQ,통신 및 방송 장비 제조업,1997-09-30
033100,제룡전기,KOSDAQ,전동기  발전기 및 전기 변환 · 공급 · 제어 장치 제조업,1997-08-18
033050,제이엠아이,KOSDAQ,기타 화학제품 제조업,1997-08-18
033130,디지틀조선,KOSDAQ,자료처리  호스팅  포털 및 기타 인터넷 정보매개 서비스업,1997-08-06
019210,와이지-원,KOSDAQ,기타 금속 가공제품 제조업,1997-08-06
026150,특수건설,KOSDAQ,토목 건설업,1997-08-06
031310,아이즈비전,KOSDAQ,전기 통신업,1997-07-25
032960,동일기연,KOSDAQ,전자부품 제조업,1997-07-18
032680,소프트센,KOSDAQ,기타 정보 서비스업,1997-07-18
032940,원익,KOSDAQ,기계장비 및 관련 물품 도매업,1997-07-18
032750,삼진,KOSDAQ,통신 및 방송 장비 제조업,1997-07-14
032860,더라미,KOSDAQ,해체  선별 및 원료 재생업,1997-07-04
032850,비트컴퓨터,KOSDAQ,소프트웨어 개발 및 공급업,1997-07-04
032790,엠젠솔루션,KOSDAQ,기계장비 및 관련 물품 도매업,1997-06-26
032800,판타지오,KOSDAQ,창작 및 예술관련 서비스업,1997-06-26
032620,GC메디아이,KOSDAQ,소프트웨어 개발 및 공급업,1997-05-02
032580,피델릭스,KOSDAQ,반도체 제조업,1997-04-22
032540,TJ미디어,KOSDAQ,영상 및 음향기기 제조업,1997-04-16
028080,휴맥스홀딩스,KOSDAQ,컴퓨터 프로그래밍  시스템 통합 및 관리업,1997-04-16
032280,삼일,KOSDAQ,도로 화물 운송업,1997-03-15
012340,뉴인텍,KOSDAQ,자동차 신품 부품 제조업,1997-02-12
031510,오스템,KOSDAQ,자동차 신품 부품 제조업,1997-02-12
031860,디에이치엑스컴퍼니,KOSDAQ,상품 종합 도매업,1997-01-07
031980,피에스케이홀딩스,KOSDAQ,특수 목적용 기계 제조업,1997-01-07
011560,세보엠이씨,KOSDAQ,건물설비 설치 공사업,1996-12-23
024740,한일단조,KOSDAQ,자동차 신품 부품 제조업,1996-11-29
030960,양지사,KOSDAQ,인쇄 및 인쇄관련 산업,1996-10-24
030530,원익홀딩스,KOSDAQ,기초 화학물질 제조업,1996-09-24
030520,한컴,KOSDAQ,소프트웨어 개발 및 공급업,1996-09-24
021880,메이슨캐피탈,KOSDAQ,기타 금융업,1996-09-02
029480,광무,KOSDAQ,통신 및 방송 장비 제조업,1996-08-27
021040,대호특수강,KOSDAQ,1차 철강 제조업,1996-08-27
028300,HLB,KOSDAQ,의료용품 및 기타 의약 관련제품 제조업,1996-07-27
027710,팜스토리,KOSDAQ,동물용 사료 및 조제식품 제조업,1996-07-06
023600,삼보판지,KOSDAQ,펄프  종이 및 판지 제조업,1996-05-29
018310,삼목에스폼,KOSDAQ,구조용 금속제품  탱크 및 증기발생기 제조업,1996-05-03
003800,에이스침대,KOSDAQ,가구 제조업,1996-05-03
014190,원익큐브,KOSDAQ,기타 전문 도매업,1996-04-26
012700,리드코프,KOSDAQ,기타 전문 도매업,1996-01-19
018000,유니슨,KOSDAQ,일반 목적용 기계 제조업,1996-01-10
025980,아난티,KOSDAQ,일반 및 생활 숙박시설 운영업,1996-01-06
026910,광진실업,KOSDAQ,1차 철강 제조업,1996-01-03
017250,인터엠,KOSDAQ,영상 및 음향기기 제조업,1996-01-03
015750,성우하이텍,KOSDAQ,자동차 신품 부품 제조업,1995-11-04
020180,대신정보통신,KOSDAQ,컴퓨터 프로그래밍  시스템 통합 및 관리업,1995-10-06
006730,서부T&D,KOSDAQ,일반 및 생활 숙박시설 운영업,1995-10-06
025950,동신건설,KOSDAQ,토목 건설업,1995-08-07
025900,동화기업,KOSDAQ,나무제품 제조업,1995-08-07
025870,신라에스지,KOSDAQ,음·식료품 및 담배 도매업,1995-07-07
025880,케이씨피드,KOSDAQ,동물용 사료 및 조제식품 제조업,1995-07-07
002680,한탑,KOSDAQ,곡물가공품  전분 및 전분제품 제조업,1995-07-07
025550,한국선재,KOSDAQ,1차 철강 제조업,1995-06-19
025440,DH오토웨어,KOSDAQ,영상 및 음향기기 제조업,1995-05-22
025320,시노펙스,KOSDAQ,전자부품 제조업,1995-04-20
024940,PN풍년,KOSDAQ,생활용품 도매업,1995-01-04
024950,삼천리자전거,KOSDAQ,생활용품 도매업,1995-01-04
014100,메디앙스,KOSDAQ,상품 종합 도매업,1995-01-03
024840,KBI메탈,KOSDAQ,1차 비철금속 제조업,1994-12-29
024910,경창산업,KOSDAQ,자동차 신품 부품 제조업,1994-12-29
004780,대륙제관,KOSDAQ,기타 금속 가공제품 제조업,1994-12-29
013120,동원개발,KOSDAQ,건물 건설업,1994-12-29
024830,세원물산,KOSDAQ,자동차 신품 부품 제조업,1994-12-29
024880,케이피에프,KOSDAQ,기타 금속 가공제품 제조업,1994-12-29
024120,KB오토시스,KOSDAQ,자동차 신품 부품 제조업,1994-12-07
017000,신원종합개발,KOSDAQ,건물 건설업,1994-12-07
024060,흥구석유,KOSDAQ,기타 전문 도매업,1994-12-07
023910,대한약품,KOSDAQ,의약품 제조업,1994-11-23
001840,이화공영,KOSDAQ,건물 건설업,1994-11-23
023900,풍국주정,KOSDAQ,알코올음료 제조업,1994-11-23
017650,대림제지,KOSDAQ,기타 종이 및 판지 제품 제조업,1994-11-07
010170,대한광통신,KOSDAQ,절연선 및 케이블 제조업,1994-11-07
023790,동일스틸럭스,KOSDAQ,1차 철강 제조업,1994-11-07
023770,플레이위드,KOSDAQ,소프트웨어 개발 및 공급업,1994-11-07
023760,한국캐피탈,KOSDAQ,기타 금융업,1994-11-07
005860,한일사료,KOSDAQ,동물용 사료 및 조제식품 제조업,1994-11-07
012860,모베이스전자,KOSDAQ,자동차 신품 부품 제조업,1994-10-26
006050,국영지앤엠,KOSDAQ,유리 및 유리제품 제조업,1994-10-07
023410,유진기업,KOSDAQ,시멘트  석회  플라스터 및 그 제품 제조업,1994-10-07
023440,제이스코홀딩스,KOSDAQ,1차 철강 제조업,1994-10-07
006910,보성파워텍,KOSDAQ,구조용 금속제품  탱크 및 증기발생기 제조업,1994-09-07
018290,브이티,KOSDAQ,기타 화학제품 제조업,1994-09-07
023160,태광,KOSDAQ,1차 철강 제조업,1994-09-07
007530,와이엠,KOSDAQ,기타 금속 가공제품 제조업,1994-08-05
001000,신라섬유,KOSDAQ,부동산 임대 및 공급업,1994-06-28
012620,원일특강,KOSDAQ,1차 철강 제조업,1994-06-28
011370,서한,KOSDAQ,건물 건설업,1994-05-24
018700,졸스,KOSDAQ,생활용품 도매업,1994-03-18
014470,부방,KOSDAQ,부동산 임대 및 공급업,1994-02-25
007720,소노스퀘어,KOSDAQ,상품 종합 도매업,1994-01-06
011320,유니크,KOSDAQ,자동차 신품 부품 제조업,1993-12-29
018120,진로발효,KOSDAQ,알코올음료 제조업,1993-12-29
013720,청보,KOSDAQ,자동차 신품 부품 제조업,1993-12-29
009620,삼보산업,KOSDAQ,1차 비철금속 제조업,1993-12-07
005670,푸드웰,KOSDAQ,과실  채소 가공 및 저장 처리업,1993-12-07
007330,푸른저축은행,KOSDAQ,은행 및 저축기관,1993-12-07
006140,피제이전자,KOSDAQ,의료용 기기 제조업,1993-12-07
019010,베뉴지,KOSDAQ,종합 소매업,1993-11-05
009780,엠에스씨,KOSDAQ,기타 식품 제조업,1993-10-12
020400,대동금속,KOSDAQ,금속 주조업,1993-07-30
005710,대원산업,KOSDAQ,자동차 신품 부품 제조업,1993-06-21
016600,큐캐피탈,KOSDAQ,기타 금융업,1993-06-21
004590,한국가구,KOSDAQ,기타 상품 전문 소매업,1993-06-03
016670,디모아,KOSDAQ,기타 전문 도매업,1993-04-21
000440,중앙에너비스,KOSDAQ,기타 전문 도매업,1993-03-24
014970,삼륭물산,KOSDAQ,골판지  종이 상자 및 종이용기 제조업,1992-12-29
011040,경동제약,KOSDAQ,의약품 제조업,1992-12-18
008370,원풍,KOSDAQ,플라스틱제품 제조업,1992-12-18
007390,네이처셀,KOSDAQ,기초 의약물질 제조업,1992-11-30
002290,삼일기업공사,KOSDAQ,건물 건설업,1992-11-30
019540,일지테크,KOSDAQ,자동차 신품 부품 제조업,1992-11-03
007770,한일화학,KOSDAQ,기초 화학물질 제조업,1992-09-07
017890,한국알콜,KOSDAQ,기타 화학제품 제조업,1992-08-04
003310,대주산업,KOSDAQ,동물용 사료 및 조제식품 제조업,1992-08-01
019660,글로본,KOSDAQ,상품 종합 도매업,1992-06-04
017510,세명전기,KOSDAQ,기타 금속 가공제품 제조업,1991-12-26
021080,에이티넘인베스트,KOSDAQ,신탁업 및 집합투자업,1991-07-12
008830,대동기어,KOSDAQ,특수 목적용 기계 제조업,1991-05-17
002230,피에스텍,KOSDAQ,측정  시험  항해  제어 및 기타 정밀기기 제조업; 광학기기 제외,1991-01-04
009730,이렘,KOSDAQ,1차 철강 제조업,1990-07-27
016920,카스,KOSDAQ,기계장비 및 관련 물품 도매업,1990-01-04
013030,하이록코리아,KOSDAQ,1차 철강 제조업,1989-12-15
019550,SBI인베스트먼트,KOSDAQ,신탁업 및 집합투자업,1989-09-06
019570,GMI벤처,KOSDAQ,신탁업 및 집합투자업,1989-03-14
006920,모헨즈,KOSDAQ,시멘트  석회  플라스터 및 그 제품 제조업,1989-01-05
